[debug] [2026-03-16T05:57:41.547Z] ----------------------------------------------------------------------
[debug] [2026-03-16T05:57:41.549Z] Command:       /usr/local/bin/node /usr/local/bin/firebase deploy --only functions
[debug] [2026-03-16T05:57:41.549Z] CLI Version:   15.10.0
[debug] [2026-03-16T05:57:41.549Z] Platform:      darwin
[debug] [2026-03-16T05:57:41.549Z] Node Version:  v24.13.0
[debug] [2026-03-16T05:57:41.549Z] Time:          Mon Mar 16 2026 00:57:41 GMT-0500 (Central Daylight Time)
[debug] [2026-03-16T05:57:41.549Z] ----------------------------------------------------------------------
[debug] 
[debug] [2026-03-16T05:57:42.408Z] > command requires scopes: ["email","openid","https://www.googleapis.com/auth/cloudplatformprojects.readonly","https://www.googleapis.com/auth/firebase","https://www.googleapis.com/auth/cloud-platform"]
[debug] [2026-03-16T05:57:42.408Z] > authorizing via signed-in user (dontadelafose11092001@gmail.com)
[debug] [2026-03-16T05:57:42.408Z] [iam] checking project helpfulapp-962b1 for permissions ["cloudfunctions.functions.create","cloudfunctions.functions.delete","cloudfunctions.functions.get","cloudfunctions.functions.list","cloudfunctions.functions.update","cloudfunctions.operations.get","firebase.projects.get"]
[debug] [2026-03-16T05:57:42.408Z] Checked if tokens are valid: true, expires at: 1773643459548
[debug] [2026-03-16T05:57:42.408Z] Checked if tokens are valid: true, expires at: 1773643459548
[debug] [2026-03-16T05:57:42.409Z] >>> [apiv2][query] POST https://cloudresourcemanager.googleapis.com/v1/projects/helpfulapp-962b1:testIamPermissions [none]
[debug] [2026-03-16T05:57:42.409Z] >>> [apiv2][(partial)header] POST https://cloudresourcemanager.googleapis.com/v1/projects/helpfulapp-962b1:testIamPermissions  x-goog-user-project=helpfulapp-962b1
[debug] [2026-03-16T05:57:42.409Z] >>> [apiv2][body] POST https://cloudresourcemanager.googleapis.com/v1/projects/helpfulapp-962b1:testIamPermissions {"permissions":["cloudfunctions.functions.create","cloudfunctions.functions.delete","cloudfunctions.functions.get","cloudfunctions.functions.list","cloudfunctions.functions.update","cloudfunctions.operations.get","firebase.projects.get"]}
[debug] [2026-03-16T05:57:42.533Z] <<< [apiv2][status] POST https://cloudresourcemanager.googleapis.com/v1/projects/helpfulapp-962b1:testIamPermissions 200
[debug] [2026-03-16T05:57:42.533Z] <<< [apiv2][body] POST https://cloudresourcemanager.googleapis.com/v1/projects/helpfulapp-962b1:testIamPermissions {"permissions":["cloudfunctions.functions.create","cloudfunctions.functions.delete","cloudfunctions.functions.get","cloudfunctions.functions.list","cloudfunctions.functions.update","cloudfunctions.operations.get","firebase.projects.get"]}
[debug] [2026-03-16T05:57:42.533Z] Checked if tokens are valid: true, expires at: 1773643459548
[debug] [2026-03-16T05:57:42.534Z] Checked if tokens are valid: true, expires at: 1773643459548
[debug] [2026-03-16T05:57:42.534Z] >>> [apiv2][query] POST https://iam.googleapis.com/v1/projects/helpfulapp-962b1/serviceAccounts/helpfulapp-962b1@appspot.gserviceaccount.com:testIamPermissions [none]
[debug] [2026-03-16T05:57:42.534Z] >>> [apiv2][body] POST https://iam.googleapis.com/v1/projects/helpfulapp-962b1/serviceAccounts/helpfulapp-962b1@appspot.gserviceaccount.com:testIamPermissions {"permissions":["iam.serviceAccounts.actAs"]}
[debug] [2026-03-16T05:57:42.677Z] <<< [apiv2][status] POST https://iam.googleapis.com/v1/projects/helpfulapp-962b1/serviceAccounts/helpfulapp-962b1@appspot.gserviceaccount.com:testIamPermissions 200
[debug] [2026-03-16T05:57:42.677Z] <<< [apiv2][body] POST https://iam.googleapis.com/v1/projects/helpfulapp-962b1/serviceAccounts/helpfulapp-962b1@appspot.gserviceaccount.com:testIamPermissions {"permissions":["iam.serviceAccounts.actAs"]}
[info] 
[info] === Deploying to 'helpfulapp-962b1'...
[info] 
[info] i  deploying functions 
[info] ✔  functions: Finished running predeploy script. 
[debug] [2026-03-16T05:57:42.683Z] Checked if tokens are valid: true, expires at: 1773643459548
[debug] [2026-03-16T05:57:42.683Z] Checked if tokens are valid: true, expires at: 1773643459548
[debug] [2026-03-16T05:57:42.683Z] >>> [apiv2][query] GET https://cloudresourcemanager.googleapis.com/v1/projects/helpfulapp-962b1 [none]
[debug] [2026-03-16T05:57:42.750Z] <<< [apiv2][status] GET https://cloudresourcemanager.googleapis.com/v1/projects/helpfulapp-962b1 200
[debug] [2026-03-16T05:57:42.751Z] <<< [apiv2][body] GET https://cloudresourcemanager.googleapis.com/v1/projects/helpfulapp-962b1 {"projectNumber":"785496190768","projectId":"helpfulapp-962b1","lifecycleState":"ACTIVE","name":"HelpfulApp","labels":{"firebase":"enabled","firebase-core":"disabled"},"createTime":"2026-02-11T18:49:43.528849Z"}
[info] i  functions: preparing codebase default for deployment 
[info] i  functions: ensuring required API cloudfunctions.googleapis.com is enabled... 
[info] i  functions: ensuring required API cloudbuild.googleapis.com is enabled... 
[info] i  artifactregistry: ensuring required API artifactregistry.googleapis.com is enabled... 
[debug] [2026-03-16T05:57:42.754Z] Checked if tokens are valid: true, expires at: 1773643459548
[debug] [2026-03-16T05:57:42.754Z] Checked if tokens are valid: true, expires at: 1773643459548
[debug] [2026-03-16T05:57:42.754Z] >>> [apiv2][query] GET https://firebase.googleapis.com/v1beta1/projects/helpfulapp-962b1/adminSdkConfig [none]
[debug] [2026-03-16T05:57:43.013Z] <<< [apiv2][status] GET https://firebase.googleapis.com/v1beta1/projects/helpfulapp-962b1/adminSdkConfig 200
[debug] [2026-03-16T05:57:43.014Z] <<< [apiv2][body] GET https://firebase.googleapis.com/v1beta1/projects/helpfulapp-962b1/adminSdkConfig {"projectId":"helpfulapp-962b1","storageBucket":"helpfulapp-962b1.firebasestorage.app"}
[debug] [2026-03-16T05:57:43.014Z] Checked if tokens are valid: true, expires at: 1773643459548
[debug] [2026-03-16T05:57:43.014Z] Checked if tokens are valid: true, expires at: 1773643459548
[debug] [2026-03-16T05:57:43.015Z] >>> [apiv2][query] GET https://runtimeconfig.googleapis.com/v1beta1/projects/helpfulapp-962b1/configs [none]
[debug] [2026-03-16T05:57:43.146Z] <<< [apiv2][status] GET https://runtimeconfig.googleapis.com/v1beta1/projects/helpfulapp-962b1/configs 200
[debug] [2026-03-16T05:57:43.147Z] <<< [apiv2][body] GET https://runtimeconfig.googleapis.com/v1beta1/projects/helpfulapp-962b1/configs {}
[debug] [2026-03-16T05:57:43.149Z] Validating nodejs source
[warn] ⚠  functions: Runtime Node.js 20 will be deprecated on 2026-04-30 and will be decommissioned on 2026-10-30, after which you will not be able to deploy without upgrading. Consider upgrading now to avoid disruption. See https://cloud.google.com/functions/docs/runtime-support for full details on the lifecycle policy 
[warn] ⚠  functions: package.json indicates an outdated version of firebase-functions. Please upgrade using npm install --save firebase-functions@latest in your functions directory. 
[warn] ⚠  functions: Please note that there will be breaking changes when you upgrade. 
[debug] [2026-03-16T05:57:43.707Z] > [functions] package.json contents: {
  "name": "helpful-functions",
  "description": "Firebase Cloud Functions for Helpful (Plaid)",
  "main": "index.js",
  "type": "module",
  "engines": {
    "node": "20"
  },
  "dependencies": {
    "dotenv": "^16.3.1",
    "firebase-admin": "^12.0.0",
    "firebase-functions": "^4.5.0",
    "plaid": "^22.0.0"
  }
}
[debug] [2026-03-16T05:57:43.707Z] Building nodejs source
[info] i  functions: Loading and analyzing source code for codebase default to determine what to deploy 
[info] i  functions: You are using a version of firebase-functions SDK (4.9.0) that does not have support for the newest Firebase Extensions features. Please update firebase-functions SDK to >=5.1.0 to use them correctly 
[debug] [2026-03-16T05:57:43.708Z] Could not find functions.yaml. Must use http discovery
[debug] [2026-03-16T05:57:43.713Z] Found firebase-functions binary at '/Users/cait/Helpful/functions/node_modules/.bin/firebase-functions'
[info] Serving at port 8590

[debug] [2026-03-16T05:57:44.429Z] Got response from /__/functions.yaml {"endpoints":{"plaidExchange":{"availableMemoryMb":null,"timeoutSeconds":null,"minInstances":null,"maxInstances":null,"ingressSettings":null,"concurrency":null,"serviceAccountEmail":null,"vpc":null,"platform":"gcfv2","labels":{},"httpsTrigger":{},"entryPoint":"plaidExchange"},"plaidLinkToken":{"availableMemoryMb":null,"timeoutSeconds":null,"minInstances":null,"maxInstances":null,"ingressSettings":null,"concurrency":null,"serviceAccountEmail":null,"vpc":null,"platform":"gcfv2","labels":{},"httpsTrigger":{},"entryPoint":"plaidLinkToken"}},"specVersion":"v1alpha1","requiredAPIs":[],"params":[{"name":"PLAID_CLIENT_ID","type":"string"},{"name":"PLAID_SECRET","type":"string"}]}
[info] i  functions: Loaded environment variables from .env. 
[info] i  functions: preparing functions directory for uploading... 
[info] i  functions: packaged /Users/cait/Helpful/functions (32.93 KB) for uploading 
[debug] [2026-03-16T05:57:48.480Z] Checked if tokens are valid: true, expires at: 1773643459548
[debug] [2026-03-16T05:57:48.480Z] Checked if tokens are valid: true, expires at: 1773643459548
[debug] [2026-03-16T05:57:48.480Z] >>> [apiv2][query] GET https://cloudfunctions.googleapis.com/v1/projects/helpfulapp-962b1/locations/-/functions [none]
[debug] [2026-03-16T05:57:49.304Z] <<< [apiv2][status] GET https://cloudfunctions.googleapis.com/v1/projects/helpfulapp-962b1/locations/-/functions 200
[debug] [2026-03-16T05:57:49.304Z] <<< [apiv2][body] GET https://cloudfunctions.googleapis.com/v1/projects/helpfulapp-962b1/locations/-/functions {}
[debug] [2026-03-16T05:57:49.304Z] Checked if tokens are valid: true, expires at: 1773643459548
[debug] [2026-03-16T05:57:49.305Z] Checked if tokens are valid: true, expires at: 1773643459548
[debug] [2026-03-16T05:57:49.305Z] >>> [apiv2][query] GET https://cloudfunctions.googleapis.com/v2/projects/helpfulapp-962b1/locations/-/functions filter=environment%3D%22GEN_2%22
[debug] [2026-03-16T05:57:49.815Z] <<< [apiv2][status] GET https://cloudfunctions.googleapis.com/v2/projects/helpfulapp-962b1/locations/-/functions 200
[debug] [2026-03-16T05:57:49.815Z] <<< [apiv2][body] GET https://cloudfunctions.googleapis.com/v2/projects/helpfulapp-962b1/locations/-/functions {}
[info] i  functions: ensuring required API run.googleapis.com is enabled... 
[debug] [2026-03-16T05:57:49.818Z] Checked if tokens are valid: true, expires at: 1773643459548
[debug] [2026-03-16T05:57:49.818Z] Checked if tokens are valid: true, expires at: 1773643459548
[info] i  functions: ensuring required API eventarc.googleapis.com is enabled... 
[debug] [2026-03-16T05:57:49.819Z] Checked if tokens are valid: true, expires at: 1773643459548
[debug] [2026-03-16T05:57:49.819Z] Checked if tokens are valid: true, expires at: 1773643459548
[info] i  functions: ensuring required API pubsub.googleapis.com is enabled... 
[debug] [2026-03-16T05:57:49.819Z] Checked if tokens are valid: true, expires at: 1773643459548
[debug] [2026-03-16T05:57:49.819Z] Checked if tokens are valid: true, expires at: 1773643459548
[info] i  functions: ensuring required API storage.googleapis.com is enabled... 
[debug] [2026-03-16T05:57:49.819Z] Checked if tokens are valid: true, expires at: 1773643459548
[debug] [2026-03-16T05:57:49.820Z] Checked if tokens are valid: true, expires at: 1773643459548
[debug] [2026-03-16T05:57:49.820Z] >>> [apiv2][query] GET https://serviceusage.googleapis.com/v1/projects/785496190768/services/run.googleapis.com [none]
[debug] [2026-03-16T05:57:49.820Z] >>> [apiv2][(partial)header] GET https://serviceusage.googleapis.com/v1/projects/785496190768/services/run.googleapis.com  x-goog-user-project=785496190768
[debug] [2026-03-16T05:57:49.821Z] >>> [apiv2][query] GET https://serviceusage.googleapis.com/v1/projects/785496190768/services/eventarc.googleapis.com [none]
[debug] [2026-03-16T05:57:49.822Z] >>> [apiv2][(partial)header] GET https://serviceusage.googleapis.com/v1/projects/785496190768/services/eventarc.googleapis.com  x-goog-user-project=785496190768
[debug] [2026-03-16T05:57:49.823Z] >>> [apiv2][query] GET https://serviceusage.googleapis.com/v1/projects/785496190768/services/pubsub.googleapis.com [none]
[debug] [2026-03-16T05:57:49.823Z] >>> [apiv2][(partial)header] GET https://serviceusage.googleapis.com/v1/projects/785496190768/services/pubsub.googleapis.com  x-goog-user-project=785496190768
[debug] [2026-03-16T05:57:49.825Z] >>> [apiv2][query] GET https://serviceusage.googleapis.com/v1/projects/785496190768/services/storage.googleapis.com [none]
[debug] [2026-03-16T05:57:49.825Z] >>> [apiv2][(partial)header] GET https://serviceusage.googleapis.com/v1/projects/785496190768/services/storage.googleapis.com  x-goog-user-project=785496190768
[debug] [2026-03-16T05:57:50.367Z] <<< [apiv2][status] GET https://serviceusage.googleapis.com/v1/projects/785496190768/services/pubsub.googleapis.com 200
[debug] [2026-03-16T05:57:50.367Z] <<< [apiv2][body] GET https://serviceusage.googleapis.com/v1/projects/785496190768/services/pubsub.googleapis.com [omitted]
[info] ✔  functions: required API pubsub.googleapis.com is enabled 
[debug] [2026-03-16T05:57:50.375Z] <<< [apiv2][status] GET https://serviceusage.googleapis.com/v1/projects/785496190768/services/eventarc.googleapis.com 200
[debug] [2026-03-16T05:57:50.375Z] <<< [apiv2][body] GET https://serviceusage.googleapis.com/v1/projects/785496190768/services/eventarc.googleapis.com [omitted]
[warn] ⚠  functions: missing required API eventarc.googleapis.com. Enabling now... 
[debug] [2026-03-16T05:57:50.376Z] Checked if tokens are valid: true, expires at: 1773643459548
[debug] [2026-03-16T05:57:50.376Z] Checked if tokens are valid: true, expires at: 1773643459548
[debug] [2026-03-16T05:57:50.376Z] >>> [apiv2][query] POST https://serviceusage.googleapis.com/v1/projects/785496190768/services/eventarc.googleapis.com:enable [none]
[debug] [2026-03-16T05:57:50.376Z] >>> [apiv2][(partial)header] POST https://serviceusage.googleapis.com/v1/projects/785496190768/services/eventarc.googleapis.com:enable  x-goog-user-project=785496190768
[debug] [2026-03-16T05:57:50.378Z] <<< [apiv2][status] GET https://serviceusage.googleapis.com/v1/projects/785496190768/services/run.googleapis.com 200
[debug] [2026-03-16T05:57:50.378Z] <<< [apiv2][body] GET https://serviceusage.googleapis.com/v1/projects/785496190768/services/run.googleapis.com [omitted]
[warn] ⚠  functions: missing required API run.googleapis.com. Enabling now... 
[debug] [2026-03-16T05:57:50.378Z] Checked if tokens are valid: true, expires at: 1773643459548
[debug] [2026-03-16T05:57:50.378Z] Checked if tokens are valid: true, expires at: 1773643459548
[debug] [2026-03-16T05:57:50.378Z] >>> [apiv2][query] POST https://serviceusage.googleapis.com/v1/projects/785496190768/services/run.googleapis.com:enable [none]
[debug] [2026-03-16T05:57:50.378Z] >>> [apiv2][(partial)header] POST https://serviceusage.googleapis.com/v1/projects/785496190768/services/run.googleapis.com:enable  x-goog-user-project=785496190768
[debug] [2026-03-16T05:57:50.379Z] <<< [apiv2][status] GET https://serviceusage.googleapis.com/v1/projects/785496190768/services/storage.googleapis.com 200
[debug] [2026-03-16T05:57:50.379Z] <<< [apiv2][body] GET https://serviceusage.googleapis.com/v1/projects/785496190768/services/storage.googleapis.com [omitted]
[info] ✔  functions: required API storage.googleapis.com is enabled 
[debug] [2026-03-16T05:57:50.843Z] <<< [apiv2][status] POST https://serviceusage.googleapis.com/v1/projects/785496190768/services/run.googleapis.com:enable 200
[debug] [2026-03-16T05:57:50.843Z] <<< [apiv2][body] POST https://serviceusage.googleapis.com/v1/projects/785496190768/services/run.googleapis.com:enable [omitted]
[debug] [2026-03-16T05:57:50.850Z] <<< [apiv2][status] POST https://serviceusage.googleapis.com/v1/projects/785496190768/services/eventarc.googleapis.com:enable 200
[debug] [2026-03-16T05:57:50.850Z] <<< [apiv2][body] POST https://serviceusage.googleapis.com/v1/projects/785496190768/services/eventarc.googleapis.com:enable [omitted]
[info] i  functions: generating the service identity for pubsub.googleapis.com... 
[debug] [2026-03-16T05:58:00.859Z] Checked if tokens are valid: true, expires at: 1773643459548
[debug] [2026-03-16T05:58:00.859Z] Checked if tokens are valid: true, expires at: 1773643459548
[info] i  functions: generating the service identity for eventarc.googleapis.com... 
[debug] [2026-03-16T05:58:00.859Z] Checked if tokens are valid: true, expires at: 1773643459548
[debug] [2026-03-16T05:58:00.859Z] Checked if tokens are valid: true, expires at: 1773643459548
[debug] [2026-03-16T05:58:00.860Z] >>> [apiv2][query] POST https://serviceusage.googleapis.com/v1beta1/projects/785496190768/services/pubsub.googleapis.com:generateServiceIdentity [none]
[debug] [2026-03-16T05:58:00.860Z] >>> [apiv2][(partial)header] POST https://serviceusage.googleapis.com/v1beta1/projects/785496190768/services/pubsub.googleapis.com:generateServiceIdentity  x-goog-user-project=785496190768
[debug] [2026-03-16T05:58:00.860Z] >>> [apiv2][body] POST https://serviceusage.googleapis.com/v1beta1/projects/785496190768/services/pubsub.googleapis.com:generateServiceIdentity {}
[debug] [2026-03-16T05:58:00.862Z] >>> [apiv2][query] POST https://serviceusage.googleapis.com/v1beta1/projects/785496190768/services/eventarc.googleapis.com:generateServiceIdentity [none]
[debug] [2026-03-16T05:58:00.862Z] >>> [apiv2][(partial)header] POST https://serviceusage.googleapis.com/v1beta1/projects/785496190768/services/eventarc.googleapis.com:generateServiceIdentity  x-goog-user-project=785496190768
[debug] [2026-03-16T05:58:00.862Z] >>> [apiv2][body] POST https://serviceusage.googleapis.com/v1beta1/projects/785496190768/services/eventarc.googleapis.com:generateServiceIdentity {}
[debug] [2026-03-16T05:58:01.580Z] <<< [apiv2][status] POST https://serviceusage.googleapis.com/v1beta1/projects/785496190768/services/eventarc.googleapis.com:generateServiceIdentity 200
[debug] [2026-03-16T05:58:01.580Z] <<< [apiv2][body] POST https://serviceusage.googleapis.com/v1beta1/projects/785496190768/services/eventarc.googleapis.com:generateServiceIdentity {"name":"operations/finished.DONE_OPERATION","done":true,"response":{"@type":"type.googleapis.com/google.api.serviceusage.v1beta1.ServiceIdentity","email":"service-785496190768@gcp-sa-eventarc.iam.gserviceaccount.com","uniqueId":"113207083756940031771"}}
[debug] [2026-03-16T05:58:01.645Z] <<< [apiv2][status] POST https://serviceusage.googleapis.com/v1beta1/projects/785496190768/services/pubsub.googleapis.com:generateServiceIdentity 200
[debug] [2026-03-16T05:58:01.645Z] <<< [apiv2][body] POST https://serviceusage.googleapis.com/v1beta1/projects/785496190768/services/pubsub.googleapis.com:generateServiceIdentity {"name":"operations/finished.DONE_OPERATION","done":true,"response":{"@type":"type.googleapis.com/google.api.serviceusage.v1beta1.ServiceIdentity","email":"service-785496190768@gcp-sa-pubsub.iam.gserviceaccount.com","uniqueId":"117757106620418852825"}}
[debug] [2026-03-16T05:58:01.648Z] Checked if tokens are valid: true, expires at: 1773643459548
[debug] [2026-03-16T05:58:01.648Z] Checked if tokens are valid: true, expires at: 1773643459548
[debug] [2026-03-16T05:58:01.648Z] >>> [apiv2][query] GET https://cloudresourcemanager.googleapis.com/v1/projects/helpfulapp-962b1 [none]
[debug] [2026-03-16T05:58:01.842Z] <<< [apiv2][status] GET https://cloudresourcemanager.googleapis.com/v1/projects/helpfulapp-962b1 200
[debug] [2026-03-16T05:58:01.843Z] <<< [apiv2][body] GET https://cloudresourcemanager.googleapis.com/v1/projects/helpfulapp-962b1 {"projectNumber":"785496190768","projectId":"helpfulapp-962b1","lifecycleState":"ACTIVE","name":"HelpfulApp","labels":{"firebase":"enabled","firebase-core":"disabled"},"createTime":"2026-02-11T18:49:43.528849Z"}
[debug] [2026-03-16T05:58:01.843Z] Checked if tokens are valid: true, expires at: 1773643459548
[debug] [2026-03-16T05:58:01.843Z] Checked if tokens are valid: true, expires at: 1773643459548
[debug] [2026-03-16T05:58:01.843Z] >>> [apiv2][query] GET https://compute.googleapis.com/compute/v1/projects/785496190768 [none]
[debug] [2026-03-16T05:58:02.407Z] <<< [apiv2][status] GET https://compute.googleapis.com/compute/v1/projects/785496190768 403
[debug] [2026-03-16T05:58:02.407Z] <<< [apiv2][body] GET https://compute.googleapis.com/compute/v1/projects/785496190768 {"error":{"code":403,"message":"Compute Engine API has not been used in project 785496190768 before or it is disabled. Enable it by visiting https://console.developers.google.com/apis/api/compute.googleapis.com/overview?project=785496190768 then retry. If you enabled this API recently, wait a few minutes for the action to propagate to our systems and retry.","errors":[{"message":"Compute Engine API has not been used in project 785496190768 before or it is disabled. Enable it by visiting https://console.developers.google.com/apis/api/compute.googleapis.com/overview?project=785496190768 then retry. If you enabled this API recently, wait a few minutes for the action to propagate to our systems and retry.","domain":"usageLimits","reason":"accessNotConfigured","extendedHelp":"https://console.developers.google.com"}],"status":"PERMISSION_DENIED","details":[{"@type":"type.googleapis.com/google.rpc.ErrorInfo","reason":"SERVICE_DISABLED","domain":"googleapis.com","metadata":{"serviceTitle":"Compute Engine API","service":"compute.googleapis.com","consumer":"projects/785496190768","activationUrl":"https://console.developers.google.com/apis/api/compute.googleapis.com/overview?project=785496190768","containerInfo":"785496190768"}},{"@type":"type.googleapis.com/google.rpc.LocalizedMessage","locale":"en-US","message":"Compute Engine API has not been used in project 785496190768 before or it is disabled. Enable it by visiting https://console.developers.google.com/apis/api/compute.googleapis.com/overview?project=785496190768 then retry. If you enabled this API recently, wait a few minutes for the action to propagate to our systems and retry."},{"@type":"type.googleapis.com/google.rpc.Help","links":[{"description":"Google developers console API activation","url":"https://console.developers.google.com/apis/api/compute.googleapis.com/overview?project=785496190768"}]}]}}
[debug] [2026-03-16T05:58:02.408Z] unable to look up default compute service account. Falling back to 785496190768-compute@developer.gserviceaccount.com. Error: {"name":"FirebaseError","children":[],"context":{"body":{"error":{"code":403,"message":"Compute Engine API has not been used in project 785496190768 before or it is disabled. Enable it by visiting https://console.developers.google.com/apis/api/compute.googleapis.com/overview?project=785496190768 then retry. If you enabled this API recently, wait a few minutes for the action to propagate to our systems and retry.","errors":[{"message":"Compute Engine API has not been used in project 785496190768 before or it is disabled. Enable it by visiting https://console.developers.google.com/apis/api/compute.googleapis.com/overview?project=785496190768 then retry. If you enabled this API recently, wait a few minutes for the action to propagate to our systems and retry.","domain":"usageLimits","reason":"accessNotConfigured","extendedHelp":"https://console.developers.google.com"}],"status":"PERMISSION_DENIED","details":[{"@type":"type.googleapis.com/google.rpc.ErrorInfo","reason":"SERVICE_DISABLED","domain":"googleapis.com","metadata":{"serviceTitle":"Compute Engine API","service":"compute.googleapis.com","consumer":"projects/785496190768","activationUrl":"https://console.developers.google.com/apis/api/compute.googleapis.com/overview?project=785496190768","containerInfo":"785496190768"}},{"@type":"type.googleapis.com/google.rpc.LocalizedMessage","locale":"en-US","message":"Compute Engine API has not been used in project 785496190768 before or it is disabled. Enable it by visiting https://console.developers.google.com/apis/api/compute.googleapis.com/overview?project=785496190768 then retry. If you enabled this API recently, wait a few minutes for the action to propagate to our systems and retry."},{"@type":"type.googleapis.com/google.rpc.Help","links":[{"description":"Google developers console API activation","url":"https://console.developers.google.com/apis/api/compute.googleapis.com/overview?project=785496190768"}]}]}},"response":{"statusCode":403}},"exit":1,"message":"Request to https://compute.googleapis.com/compute/v1/projects/785496190768 had HTTP Error: 403, Compute Engine API has not been used in project 785496190768 before or it is disabled. Enable it by visiting https://console.developers.google.com/apis/api/compute.googleapis.com/overview?project=785496190768 then retry. If you enabled this API recently, wait a few minutes for the action to propagate to our systems and retry.","status":403}
[debug] [2026-03-16T05:58:02.408Z] Checked if tokens are valid: true, expires at: 1773643459548
[debug] [2026-03-16T05:58:02.408Z] Checked if tokens are valid: true, expires at: 1773643459548
[debug] [2026-03-16T05:58:02.408Z] >>> [apiv2][query] GET https://compute.googleapis.com/compute/v1/projects/785496190768 [none]
[debug] [2026-03-16T05:58:02.472Z] <<< [apiv2][status] GET https://compute.googleapis.com/compute/v1/projects/785496190768 403
[debug] [2026-03-16T05:58:02.472Z] <<< [apiv2][body] GET https://compute.googleapis.com/compute/v1/projects/785496190768 {"error":{"code":403,"message":"Compute Engine API has not been used in project 785496190768 before or it is disabled. Enable it by visiting https://console.developers.google.com/apis/api/compute.googleapis.com/overview?project=785496190768 then retry. If you enabled this API recently, wait a few minutes for the action to propagate to our systems and retry.","errors":[{"message":"Compute Engine API has not been used in project 785496190768 before or it is disabled. Enable it by visiting https://console.developers.google.com/apis/api/compute.googleapis.com/overview?project=785496190768 then retry. If you enabled this API recently, wait a few minutes for the action to propagate to our systems and retry.","domain":"usageLimits","reason":"accessNotConfigured","extendedHelp":"https://console.developers.google.com"}],"status":"PERMISSION_DENIED","details":[{"@type":"type.googleapis.com/google.rpc.ErrorInfo","reason":"SERVICE_DISABLED","domain":"googleapis.com","metadata":{"serviceTitle":"Compute Engine API","activationUrl":"https://console.developers.google.com/apis/api/compute.googleapis.com/overview?project=785496190768","consumer":"projects/785496190768","service":"compute.googleapis.com","containerInfo":"785496190768"}},{"@type":"type.googleapis.com/google.rpc.LocalizedMessage","locale":"en-US","message":"Compute Engine API has not been used in project 785496190768 before or it is disabled. Enable it by visiting https://console.developers.google.com/apis/api/compute.googleapis.com/overview?project=785496190768 then retry. If you enabled this API recently, wait a few minutes for the action to propagate to our systems and retry."},{"@type":"type.googleapis.com/google.rpc.Help","links":[{"description":"Google developers console API activation","url":"https://console.developers.google.com/apis/api/compute.googleapis.com/overview?project=785496190768"}]}]}}
[debug] [2026-03-16T05:58:02.472Z] unable to look up default compute service account. Falling back to 785496190768-compute@developer.gserviceaccount.com. Error: {"name":"FirebaseError","children":[],"context":{"body":{"error":{"code":403,"message":"Compute Engine API has not been used in project 785496190768 before or it is disabled. Enable it by visiting https://console.developers.google.com/apis/api/compute.googleapis.com/overview?project=785496190768 then retry. If you enabled this API recently, wait a few minutes for the action to propagate to our systems and retry.","errors":[{"message":"Compute Engine API has not been used in project 785496190768 before or it is disabled. Enable it by visiting https://console.developers.google.com/apis/api/compute.googleapis.com/overview?project=785496190768 then retry. If you enabled this API recently, wait a few minutes for the action to propagate to our systems and retry.","domain":"usageLimits","reason":"accessNotConfigured","extendedHelp":"https://console.developers.google.com"}],"status":"PERMISSION_DENIED","details":[{"@type":"type.googleapis.com/google.rpc.ErrorInfo","reason":"SERVICE_DISABLED","domain":"googleapis.com","metadata":{"serviceTitle":"Compute Engine API","activationUrl":"https://console.developers.google.com/apis/api/compute.googleapis.com/overview?project=785496190768","consumer":"projects/785496190768","service":"compute.googleapis.com","containerInfo":"785496190768"}},{"@type":"type.googleapis.com/google.rpc.LocalizedMessage","locale":"en-US","message":"Compute Engine API has not been used in project 785496190768 before or it is disabled. Enable it by visiting https://console.developers.google.com/apis/api/compute.googleapis.com/overview?project=785496190768 then retry. If you enabled this API recently, wait a few minutes for the action to propagate to our systems and retry."},{"@type":"type.googleapis.com/google.rpc.Help","links":[{"description":"Google developers console API activation","url":"https://console.developers.google.com/apis/api/compute.googleapis.com/overview?project=785496190768"}]}]}},"response":{"statusCode":403}},"exit":1,"message":"Request to https://compute.googleapis.com/compute/v1/projects/785496190768 had HTTP Error: 403, Compute Engine API has not been used in project 785496190768 before or it is disabled. Enable it by visiting https://console.developers.google.com/apis/api/compute.googleapis.com/overview?project=785496190768 then retry. If you enabled this API recently, wait a few minutes for the action to propagate to our systems and retry.","status":403}
[debug] [2026-03-16T05:58:02.474Z] [functions] found 2 new HTTP functions, testing setIamPolicy permission...
[debug] [2026-03-16T05:58:02.474Z] Checked if tokens are valid: true, expires at: 1773643459548
[debug] [2026-03-16T05:58:02.474Z] Checked if tokens are valid: true, expires at: 1773643459548
[debug] [2026-03-16T05:58:02.474Z] >>> [apiv2][query] POST https://cloudresourcemanager.googleapis.com/v1/projects/helpfulapp-962b1:testIamPermissions [none]
[debug] [2026-03-16T05:58:02.474Z] >>> [apiv2][(partial)header] POST https://cloudresourcemanager.googleapis.com/v1/projects/helpfulapp-962b1:testIamPermissions  x-goog-user-project=helpfulapp-962b1
[debug] [2026-03-16T05:58:02.474Z] >>> [apiv2][body] POST https://cloudresourcemanager.googleapis.com/v1/projects/helpfulapp-962b1:testIamPermissions {"permissions":["cloudfunctions.functions.setIamPolicy"]}
[debug] [2026-03-16T05:58:02.533Z] <<< [apiv2][status] POST https://cloudresourcemanager.googleapis.com/v1/projects/helpfulapp-962b1:testIamPermissions 200
[debug] [2026-03-16T05:58:02.533Z] <<< [apiv2][body] POST https://cloudresourcemanager.googleapis.com/v1/projects/helpfulapp-962b1:testIamPermissions {"permissions":["cloudfunctions.functions.setIamPolicy"]}
[debug] [2026-03-16T05:58:02.534Z] [functions] found setIamPolicy permission, proceeding with deploy
[debug] [2026-03-16T05:58:02.535Z] Checked if tokens are valid: true, expires at: 1773643459548
[debug] [2026-03-16T05:58:02.535Z] Checked if tokens are valid: true, expires at: 1773643459548
[debug] [2026-03-16T05:58:02.535Z] >>> [apiv2][query] POST https://cloudfunctions.googleapis.com/v2/projects/helpfulapp-962b1/locations/us-central1/functions:generateUploadUrl [none]
[debug] [2026-03-16T05:58:03.743Z] <<< [apiv2][status] POST https://cloudfunctions.googleapis.com/v2/projects/helpfulapp-962b1/locations/us-central1/functions:generateUploadUrl 200
[debug] [2026-03-16T05:58:03.744Z] <<< [apiv2][body] POST https://cloudfunctions.googleapis.com/v2/projects/helpfulapp-962b1/locations/us-central1/functions:generateUploadUrl {"uploadUrl":"https://storage.googleapis.com/gcf-v2-uploads-785496190768.us-central1.cloudfunctions.appspot.com/bb82dd53-76ae-4e8e-90e4-ff891959765f.zip?GoogleAccessId=service-785496190768@gcf-admin-robot.iam.gserviceaccount.com&Expires=1773642483&Signature=TcnWnmubnI0XHg1SzK33OLOS6XZG5SNDF5VWam7wfls1WSXF6lE356CJqm3EYFT41Vxj5Zz%2BFCN461T0Fe53PbEKwslLGkpnY6wTSuO85ReQy02HcqG5%2BFdzehh42H0%2BaWH6i7HwfoICW2YZOaWKkhml80w0znOCeuuGygvawmCf16FFfK4JrafSCFUgtq5%2FD0nCu43v%2FcS%2B7E4KLgYYdB7osus4hG3sce6wgyH1AO39G2BHdq4EN2z0bYzjrGdrEWje7QB7ewG2bqGYG1XTYXZW%2FGxdgD8IjS3Dzvjdzk6McAWnpBvMMRdwo0gbgDY9x6b%2B7bHVRGl%2FavK8N40YEA%3D%3D","storageSource":{"bucket":"gcf-v2-uploads-785496190768.us-central1.cloudfunctions.appspot.com","object":"bb82dd53-76ae-4e8e-90e4-ff891959765f.zip"}}
[debug] [2026-03-16T05:58:03.744Z] >>> [apiv2][query] PUT https://storage.googleapis.com/gcf-v2-uploads-785496190768.us-central1.cloudfunctions.appspot.com/bb82dd53-76ae-4e8e-90e4-ff891959765f.zip GoogleAccessId=service-785496190768%40gcf-admin-robot.iam.gserviceaccount.com&Expires=1773642483&Signature=TcnWnmubnI0XHg1SzK33OLOS6XZG5SNDF5VWam7wfls1WSXF6lE356CJqm3EYFT41Vxj5Zz%2BFCN461T0Fe53PbEKwslLGkpnY6wTSuO85ReQy02HcqG5%2BFdzehh42H0%2BaWH6i7HwfoICW2YZOaWKkhml80w0znOCeuuGygvawmCf16FFfK4JrafSCFUgtq5%2FD0nCu43v%2FcS%2B7E4KLgYYdB7osus4hG3sce6wgyH1AO39G2BHdq4EN2z0bYzjrGdrEWje7QB7ewG2bqGYG1XTYXZW%2FGxdgD8IjS3Dzvjdzk6McAWnpBvMMRdwo0gbgDY9x6b%2B7bHVRGl%2FavK8N40YEA%3D%3D
[debug] [2026-03-16T05:58:03.744Z] >>> [apiv2][body] PUT https://storage.googleapis.com/gcf-v2-uploads-785496190768.us-central1.cloudfunctions.appspot.com/bb82dd53-76ae-4e8e-90e4-ff891959765f.zip [stream]
[debug] [2026-03-16T05:58:03.939Z] <<< [apiv2][status] PUT https://storage.googleapis.com/gcf-v2-uploads-785496190768.us-central1.cloudfunctions.appspot.com/bb82dd53-76ae-4e8e-90e4-ff891959765f.zip 200
[debug] [2026-03-16T05:58:03.939Z] <<< [apiv2][body] PUT https://storage.googleapis.com/gcf-v2-uploads-785496190768.us-central1.cloudfunctions.appspot.com/bb82dd53-76ae-4e8e-90e4-ff891959765f.zip [omitted]
[info] ✔  functions: functions source uploaded successfully 
[info] i  functions: creating Node.js 20 (2nd Gen) function plaidExchange(us-central1)... 
[info] i  functions: creating Node.js 20 (2nd Gen) function plaidLinkToken(us-central1)... 
[debug] [2026-03-16T05:58:03.944Z] Checked if tokens are valid: true, expires at: 1773643459548
[debug] [2026-03-16T05:58:03.945Z] Checked if tokens are valid: true, expires at: 1773643459548
[debug] [2026-03-16T05:58:03.945Z] >>> [apiv2][query] POST https://cloudfunctions.googleapis.com/v2/projects/helpfulapp-962b1/locations/us-central1/functions functionId=plaidExchange
[debug] [2026-03-16T05:58:03.945Z] >>> [apiv2][body] POST https://cloudfunctions.googleapis.com/v2/projects/helpfulapp-962b1/locations/us-central1/functions {"name":"projects/helpfulapp-962b1/locations/us-central1/functions/plaidExchange","buildConfig":{"runtime":"nodejs20","entryPoint":"plaidExchange","source":{"storageSource":{"bucket":"gcf-v2-uploads-785496190768.us-central1.cloudfunctions.appspot.com","object":"bb82dd53-76ae-4e8e-90e4-ff891959765f.zip"}},"environmentVariables":{"GOOGLE_NODE_RUN_SCRIPTS":""}},"serviceConfig":{"environmentVariables":{"PLAID_CLIENT_ID":"69b5c2b6920f88000d8ddd46","PLAID_SECRET":"4346b1754aadfebefad45cb427ef81","FIREBASE_CONFIG":"{\"projectId\":\"helpfulapp-962b1\",\"storageBucket\":\"helpfulapp-962b1.firebasestorage.app\"}","GCLOUD_PROJECT":"helpfulapp-962b1","EVENTARC_CLOUD_EVENT_SOURCE":"projects/helpfulapp-962b1/locations/us-central1/services/plaidExchange","FUNCTION_TARGET":"plaidExchange","LOG_EXECUTION_ID":"true"},"ingressSettings":null,"timeoutSeconds":null,"serviceAccountEmail":null,"availableMemory":"256Mi","minInstanceCount":null,"maxInstanceCount":null,"maxInstanceRequestConcurrency":80,"availableCpu":"1","vpcConnector":null,"vpcConnectorEgressSettings":null,"directVpcNetworkInterface":null,"directVpcEgress":null},"labels":{"deployment-tool":"cli-firebase","firebase-functions-hash":"559c7097963d4ea448f6dadf99a9e217b0038027"}}
[debug] [2026-03-16T05:58:05.615Z] <<< [apiv2][status] POST https://cloudfunctions.googleapis.com/v2/projects/helpfulapp-962b1/locations/us-central1/functions 200
[debug] [2026-03-16T05:58:05.616Z] <<< [apiv2][body] POST https://cloudfunctions.googleapis.com/v2/projects/helpfulapp-962b1/locations/us-central1/functions {"name":"projects/helpfulapp-962b1/locations/us-central1/operations/operation-1773640684073-64d1de6eef2d7-128a41ba-34e50b9a","metadata":{"@type":"type.googleapis.com/google.cloud.functions.v2.OperationMetadata","createTime":"2026-03-16T05:58:05.607824350Z","target":"projects/helpfulapp-962b1/locations/us-central1/functions/plaidExchange","verb":"create","cancelRequested":false,"apiVersion":"v2"},"done":false}
[debug] [2026-03-16T05:58:05.616Z] Checked if tokens are valid: true, expires at: 1773643459548
[debug] [2026-03-16T05:58:05.617Z] Checked if tokens are valid: true, expires at: 1773643459548
[debug] [2026-03-16T05:58:05.617Z] >>> [apiv2][query] GET https://cloudfunctions.googleapis.com/v2/projects/helpfulapp-962b1/locations/us-central1/operations/operation-1773640684073-64d1de6eef2d7-128a41ba-34e50b9a [none]
[debug] [2026-03-16T05:58:05.740Z] <<< [apiv2][status] GET https://cloudfunctions.googleapis.com/v2/projects/helpfulapp-962b1/locations/us-central1/operations/operation-1773640684073-64d1de6eef2d7-128a41ba-34e50b9a 200
[debug] [2026-03-16T05:58:05.741Z] <<< [apiv2][body] GET https://cloudfunctions.googleapis.com/v2/projects/helpfulapp-962b1/locations/us-central1/operations/operation-1773640684073-64d1de6eef2d7-128a41ba-34e50b9a {"name":"projects/helpfulapp-962b1/locations/us-central1/operations/operation-1773640684073-64d1de6eef2d7-128a41ba-34e50b9a","metadata":{"@type":"type.googleapis.com/google.cloud.functions.v2.OperationMetadata","createTime":"2026-03-16T05:58:05.607824350Z","target":"projects/helpfulapp-962b1/locations/us-central1/functions/plaidExchange","verb":"create","cancelRequested":false,"apiVersion":"v2"},"done":false}
[debug] [2026-03-16T05:58:06.243Z] [create-default-us-central1-plaidExchange] Retrying task index 0
[debug] [2026-03-16T05:58:06.243Z] Checked if tokens are valid: true, expires at: 1773643459548
[debug] [2026-03-16T05:58:06.243Z] Checked if tokens are valid: true, expires at: 1773643459548
[debug] [2026-03-16T05:58:06.243Z] >>> [apiv2][query] GET https://cloudfunctions.googleapis.com/v2/projects/helpfulapp-962b1/locations/us-central1/operations/operation-1773640684073-64d1de6eef2d7-128a41ba-34e50b9a [none]
[debug] [2026-03-16T05:58:06.322Z] <<< [apiv2][status] GET https://cloudfunctions.googleapis.com/v2/projects/helpfulapp-962b1/locations/us-central1/operations/operation-1773640684073-64d1de6eef2d7-128a41ba-34e50b9a 200
[debug] [2026-03-16T05:58:06.322Z] <<< [apiv2][body] GET https://cloudfunctions.googleapis.com/v2/projects/helpfulapp-962b1/locations/us-central1/operations/operation-1773640684073-64d1de6eef2d7-128a41ba-34e50b9a {"name":"projects/helpfulapp-962b1/locations/us-central1/operations/operation-1773640684073-64d1de6eef2d7-128a41ba-34e50b9a","metadata":{"@type":"type.googleapis.com/google.cloud.functions.v2.OperationMetadata","createTime":"2026-03-16T05:58:05.607824350Z","target":"projects/helpfulapp-962b1/locations/us-central1/functions/plaidExchange","verb":"create","cancelRequested":false,"apiVersion":"v2","requestResource":{"@type":"type.googleapis.com/google.cloud.functions.v2.Function","name":"projects/helpfulapp-962b1/locations/us-central1/functions/plaidExchange","buildConfig":{"runtime":"nodejs20","entryPoint":"plaidExchange","source":{"storageSource":{"bucket":"gcf-v2-sources-785496190768-us-central1","object":"plaidExchange/function-source.zip","generation":"1773640684880338"}},"environmentVariables":{"GOOGLE_NODE_RUN_SCRIPTS":""},"serviceAccount":"projects/helpfulapp-962b1/serviceAccounts/785496190768-compute@developer.gserviceaccount.com","automaticUpdatePolicy":{}},"serviceConfig":{"service":"projects/helpfulapp-962b1/locations/us-central1/services/plaidexchange","timeoutSeconds":60,"environmentVariables":{"PLAID_CLIENT_ID":"69b5c2b6920f88000d8ddd46","PLAID_SECRET":"4346b1754aadfebefad45cb427ef81","FIREBASE_CONFIG":"{\"projectId\":\"helpfulapp-962b1\",\"storageBucket\":\"helpfulapp-962b1.firebasestorage.app\"}","GCLOUD_PROJECT":"helpfulapp-962b1","EVENTARC_CLOUD_EVENT_SOURCE":"projects/helpfulapp-962b1/locations/us-central1/services/plaidExchange","FUNCTION_TARGET":"plaidExchange","LOG_EXECUTION_ID":"true"},"ingressSettings":"ALLOW_ALL","serviceAccountEmail":"785496190768-compute@developer.gserviceaccount.com","availableMemory":"256Mi","maxInstanceRequestConcurrency":80,"availableCpu":"1"},"labels":{"deployment-tool":"cli-firebase","firebase-functions-hash":"559c7097963d4ea448f6dadf99a9e217b0038027"},"environment":"GEN_2"},"stages":[{"name":"BUILD","state":"NOT_STARTED","stateMessages":[{"severity":"WARNING","type":"BuildAnalysisWarning","message":"Node.js 20 is no longer supported by the Node.js community as of 30 April, 2026. Node.js 20 will be deprecated on 2026-04-30. We recommend you to upgrade to the latest version of Node.js as soon as possible."}]},{"name":"SERVICE","state":"NOT_STARTED"}],"operationType":"CREATE_FUNCTION"},"done":false}
[debug] [2026-03-16T05:58:07.323Z] [create-default-us-central1-plaidExchange] Retrying task index 0
[debug] [2026-03-16T05:58:07.323Z] Checked if tokens are valid: true, expires at: 1773643459548
[debug] [2026-03-16T05:58:07.323Z] Checked if tokens are valid: true, expires at: 1773643459548
[debug] [2026-03-16T05:58:07.323Z] >>> [apiv2][query] GET https://cloudfunctions.googleapis.com/v2/projects/helpfulapp-962b1/locations/us-central1/operations/operation-1773640684073-64d1de6eef2d7-128a41ba-34e50b9a [none]
[debug] [2026-03-16T05:58:07.425Z] <<< [apiv2][status] GET https://cloudfunctions.googleapis.com/v2/projects/helpfulapp-962b1/locations/us-central1/operations/operation-1773640684073-64d1de6eef2d7-128a41ba-34e50b9a 200
[debug] [2026-03-16T05:58:07.425Z] <<< [apiv2][body] GET https://cloudfunctions.googleapis.com/v2/projects/helpfulapp-962b1/locations/us-central1/operations/operation-1773640684073-64d1de6eef2d7-128a41ba-34e50b9a {"name":"projects/helpfulapp-962b1/locations/us-central1/operations/operation-1773640684073-64d1de6eef2d7-128a41ba-34e50b9a","metadata":{"@type":"type.googleapis.com/google.cloud.functions.v2.OperationMetadata","createTime":"2026-03-16T05:58:05.607824350Z","target":"projects/helpfulapp-962b1/locations/us-central1/functions/plaidExchange","verb":"create","cancelRequested":false,"apiVersion":"v2","requestResource":{"@type":"type.googleapis.com/google.cloud.functions.v2.Function","name":"projects/helpfulapp-962b1/locations/us-central1/functions/plaidExchange","buildConfig":{"runtime":"nodejs20","entryPoint":"plaidExchange","source":{"storageSource":{"bucket":"gcf-v2-sources-785496190768-us-central1","object":"plaidExchange/function-source.zip","generation":"1773640684880338"}},"environmentVariables":{"GOOGLE_NODE_RUN_SCRIPTS":""},"serviceAccount":"projects/helpfulapp-962b1/serviceAccounts/785496190768-compute@developer.gserviceaccount.com","automaticUpdatePolicy":{}},"serviceConfig":{"service":"projects/helpfulapp-962b1/locations/us-central1/services/plaidexchange","timeoutSeconds":60,"environmentVariables":{"PLAID_CLIENT_ID":"69b5c2b6920f88000d8ddd46","PLAID_SECRET":"4346b1754aadfebefad45cb427ef81","FIREBASE_CONFIG":"{\"projectId\":\"helpfulapp-962b1\",\"storageBucket\":\"helpfulapp-962b1.firebasestorage.app\"}","GCLOUD_PROJECT":"helpfulapp-962b1","EVENTARC_CLOUD_EVENT_SOURCE":"projects/helpfulapp-962b1/locations/us-central1/services/plaidExchange","FUNCTION_TARGET":"plaidExchange","LOG_EXECUTION_ID":"true"},"ingressSettings":"ALLOW_ALL","serviceAccountEmail":"785496190768-compute@developer.gserviceaccount.com","availableMemory":"256Mi","maxInstanceRequestConcurrency":80,"availableCpu":"1"},"labels":{"deployment-tool":"cli-firebase","firebase-functions-hash":"559c7097963d4ea448f6dadf99a9e217b0038027"},"environment":"GEN_2"},"stages":[{"name":"BUILD","state":"NOT_STARTED","stateMessages":[{"severity":"WARNING","type":"BuildAnalysisWarning","message":"Node.js 20 is no longer supported by the Node.js community as of 30 April, 2026. Node.js 20 will be deprecated on 2026-04-30. We recommend you to upgrade to the latest version of Node.js as soon as possible."}]},{"name":"SERVICE","state":"NOT_STARTED"}],"operationType":"CREATE_FUNCTION"},"done":false}
[debug] [2026-03-16T05:58:09.426Z] [create-default-us-central1-plaidExchange] Retrying task index 0
[debug] [2026-03-16T05:58:09.427Z] Checked if tokens are valid: true, expires at: 1773643459548
[debug] [2026-03-16T05:58:09.427Z] Checked if tokens are valid: true, expires at: 1773643459548
[debug] [2026-03-16T05:58:09.427Z] >>> [apiv2][query] GET https://cloudfunctions.googleapis.com/v2/projects/helpfulapp-962b1/locations/us-central1/operations/operation-1773640684073-64d1de6eef2d7-128a41ba-34e50b9a [none]
[debug] [2026-03-16T05:58:09.558Z] <<< [apiv2][status] GET https://cloudfunctions.googleapis.com/v2/projects/helpfulapp-962b1/locations/us-central1/operations/operation-1773640684073-64d1de6eef2d7-128a41ba-34e50b9a 200
[debug] [2026-03-16T05:58:09.558Z] <<< [apiv2][body] GET https://cloudfunctions.googleapis.com/v2/projects/helpfulapp-962b1/locations/us-central1/operations/operation-1773640684073-64d1de6eef2d7-128a41ba-34e50b9a {"name":"projects/helpfulapp-962b1/locations/us-central1/operations/operation-1773640684073-64d1de6eef2d7-128a41ba-34e50b9a","metadata":{"@type":"type.googleapis.com/google.cloud.functions.v2.OperationMetadata","createTime":"2026-03-16T05:58:05.607824350Z","target":"projects/helpfulapp-962b1/locations/us-central1/functions/plaidExchange","verb":"create","cancelRequested":false,"apiVersion":"v2","requestResource":{"@type":"type.googleapis.com/google.cloud.functions.v2.Function","name":"projects/helpfulapp-962b1/locations/us-central1/functions/plaidExchange","buildConfig":{"runtime":"nodejs20","entryPoint":"plaidExchange","source":{"storageSource":{"bucket":"gcf-v2-sources-785496190768-us-central1","object":"plaidExchange/function-source.zip","generation":"1773640684880338"}},"environmentVariables":{"GOOGLE_NODE_RUN_SCRIPTS":""},"serviceAccount":"projects/helpfulapp-962b1/serviceAccounts/785496190768-compute@developer.gserviceaccount.com","automaticUpdatePolicy":{}},"serviceConfig":{"service":"projects/helpfulapp-962b1/locations/us-central1/services/plaidexchange","timeoutSeconds":60,"environmentVariables":{"PLAID_CLIENT_ID":"69b5c2b6920f88000d8ddd46","PLAID_SECRET":"4346b1754aadfebefad45cb427ef81","FIREBASE_CONFIG":"{\"projectId\":\"helpfulapp-962b1\",\"storageBucket\":\"helpfulapp-962b1.firebasestorage.app\"}","GCLOUD_PROJECT":"helpfulapp-962b1","EVENTARC_CLOUD_EVENT_SOURCE":"projects/helpfulapp-962b1/locations/us-central1/services/plaidExchange","FUNCTION_TARGET":"plaidExchange","LOG_EXECUTION_ID":"true"},"ingressSettings":"ALLOW_ALL","serviceAccountEmail":"785496190768-compute@developer.gserviceaccount.com","availableMemory":"256Mi","maxInstanceRequestConcurrency":80,"availableCpu":"1"},"labels":{"deployment-tool":"cli-firebase","firebase-functions-hash":"559c7097963d4ea448f6dadf99a9e217b0038027"},"environment":"GEN_2"},"stages":[{"name":"BUILD","state":"NOT_STARTED","stateMessages":[{"severity":"WARNING","type":"BuildAnalysisWarning","message":"Node.js 20 is no longer supported by the Node.js community as of 30 April, 2026. Node.js 20 will be deprecated on 2026-04-30. We recommend you to upgrade to the latest version of Node.js as soon as possible."}]},{"name":"SERVICE","state":"NOT_STARTED"}],"operationType":"CREATE_FUNCTION"},"done":false}
[debug] [2026-03-16T05:58:13.559Z] [create-default-us-central1-plaidExchange] Retrying task index 0
[debug] [2026-03-16T05:58:13.560Z] Checked if tokens are valid: true, expires at: 1773643459548
[debug] [2026-03-16T05:58:13.560Z] Checked if tokens are valid: true, expires at: 1773643459548
[debug] [2026-03-16T05:58:13.560Z] >>> [apiv2][query] GET https://cloudfunctions.googleapis.com/v2/projects/helpfulapp-962b1/locations/us-central1/operations/operation-1773640684073-64d1de6eef2d7-128a41ba-34e50b9a [none]
[debug] [2026-03-16T05:58:13.659Z] <<< [apiv2][status] GET https://cloudfunctions.googleapis.com/v2/projects/helpfulapp-962b1/locations/us-central1/operations/operation-1773640684073-64d1de6eef2d7-128a41ba-34e50b9a 200
[debug] [2026-03-16T05:58:13.660Z] <<< [apiv2][body] GET https://cloudfunctions.googleapis.com/v2/projects/helpfulapp-962b1/locations/us-central1/operations/operation-1773640684073-64d1de6eef2d7-128a41ba-34e50b9a {"name":"projects/helpfulapp-962b1/locations/us-central1/operations/operation-1773640684073-64d1de6eef2d7-128a41ba-34e50b9a","metadata":{"@type":"type.googleapis.com/google.cloud.functions.v2.OperationMetadata","createTime":"2026-03-16T05:58:05.607824350Z","target":"projects/helpfulapp-962b1/locations/us-central1/functions/plaidExchange","verb":"create","cancelRequested":false,"apiVersion":"v2","requestResource":{"@type":"type.googleapis.com/google.cloud.functions.v2.Function","name":"projects/helpfulapp-962b1/locations/us-central1/functions/plaidExchange","buildConfig":{"runtime":"nodejs20","entryPoint":"plaidExchange","source":{"storageSource":{"bucket":"gcf-v2-sources-785496190768-us-central1","object":"plaidExchange/function-source.zip","generation":"1773640684880338"}},"environmentVariables":{"GOOGLE_NODE_RUN_SCRIPTS":""},"serviceAccount":"projects/helpfulapp-962b1/serviceAccounts/785496190768-compute@developer.gserviceaccount.com","automaticUpdatePolicy":{}},"serviceConfig":{"service":"projects/helpfulapp-962b1/locations/us-central1/services/plaidexchange","timeoutSeconds":60,"environmentVariables":{"PLAID_CLIENT_ID":"69b5c2b6920f88000d8ddd46","PLAID_SECRET":"4346b1754aadfebefad45cb427ef81","FIREBASE_CONFIG":"{\"projectId\":\"helpfulapp-962b1\",\"storageBucket\":\"helpfulapp-962b1.firebasestorage.app\"}","GCLOUD_PROJECT":"helpfulapp-962b1","EVENTARC_CLOUD_EVENT_SOURCE":"projects/helpfulapp-962b1/locations/us-central1/services/plaidExchange","FUNCTION_TARGET":"plaidExchange","LOG_EXECUTION_ID":"true"},"ingressSettings":"ALLOW_ALL","serviceAccountEmail":"785496190768-compute@developer.gserviceaccount.com","availableMemory":"256Mi","maxInstanceRequestConcurrency":80,"availableCpu":"1"},"labels":{"deployment-tool":"cli-firebase","firebase-functions-hash":"559c7097963d4ea448f6dadf99a9e217b0038027"},"environment":"GEN_2"},"stages":[{"name":"BUILD","state":"NOT_STARTED","stateMessages":[{"severity":"WARNING","type":"BuildAnalysisWarning","message":"Node.js 20 is no longer supported by the Node.js community as of 30 April, 2026. Node.js 20 will be deprecated on 2026-04-30. We recommend you to upgrade to the latest version of Node.js as soon as possible."}]},{"name":"SERVICE","state":"NOT_STARTED"}],"operationType":"CREATE_FUNCTION"},"done":false}
[debug] [2026-03-16T05:58:21.661Z] [create-default-us-central1-plaidExchange] Retrying task index 0
[debug] [2026-03-16T05:58:21.662Z] Checked if tokens are valid: true, expires at: 1773643459548
[debug] [2026-03-16T05:58:21.662Z] Checked if tokens are valid: true, expires at: 1773643459548
[debug] [2026-03-16T05:58:21.662Z] >>> [apiv2][query] GET https://cloudfunctions.googleapis.com/v2/projects/helpfulapp-962b1/locations/us-central1/operations/operation-1773640684073-64d1de6eef2d7-128a41ba-34e50b9a [none]
[debug] [2026-03-16T05:58:21.884Z] <<< [apiv2][status] GET https://cloudfunctions.googleapis.com/v2/projects/helpfulapp-962b1/locations/us-central1/operations/operation-1773640684073-64d1de6eef2d7-128a41ba-34e50b9a 200
[debug] [2026-03-16T05:58:21.884Z] <<< [apiv2][body] GET https://cloudfunctions.googleapis.com/v2/projects/helpfulapp-962b1/locations/us-central1/operations/operation-1773640684073-64d1de6eef2d7-128a41ba-34e50b9a {"name":"projects/helpfulapp-962b1/locations/us-central1/operations/operation-1773640684073-64d1de6eef2d7-128a41ba-34e50b9a","metadata":{"@type":"type.googleapis.com/google.cloud.functions.v2.OperationMetadata","createTime":"2026-03-16T05:58:05.607824350Z","target":"projects/helpfulapp-962b1/locations/us-central1/functions/plaidExchange","verb":"create","cancelRequested":false,"apiVersion":"v2","requestResource":{"@type":"type.googleapis.com/google.cloud.functions.v2.Function","name":"projects/helpfulapp-962b1/locations/us-central1/functions/plaidExchange","buildConfig":{"runtime":"nodejs20","entryPoint":"plaidExchange","source":{"storageSource":{"bucket":"gcf-v2-sources-785496190768-us-central1","object":"plaidExchange/function-source.zip","generation":"1773640684880338"}},"environmentVariables":{"GOOGLE_NODE_RUN_SCRIPTS":""},"serviceAccount":"projects/helpfulapp-962b1/serviceAccounts/785496190768-compute@developer.gserviceaccount.com","automaticUpdatePolicy":{}},"serviceConfig":{"service":"projects/helpfulapp-962b1/locations/us-central1/services/plaidexchange","timeoutSeconds":60,"environmentVariables":{"PLAID_CLIENT_ID":"69b5c2b6920f88000d8ddd46","PLAID_SECRET":"4346b1754aadfebefad45cb427ef81","FIREBASE_CONFIG":"{\"projectId\":\"helpfulapp-962b1\",\"storageBucket\":\"helpfulapp-962b1.firebasestorage.app\"}","GCLOUD_PROJECT":"helpfulapp-962b1","EVENTARC_CLOUD_EVENT_SOURCE":"projects/helpfulapp-962b1/locations/us-central1/services/plaidExchange","FUNCTION_TARGET":"plaidExchange","LOG_EXECUTION_ID":"true"},"ingressSettings":"ALLOW_ALL","serviceAccountEmail":"785496190768-compute@developer.gserviceaccount.com","availableMemory":"256Mi","maxInstanceRequestConcurrency":80,"availableCpu":"1"},"labels":{"deployment-tool":"cli-firebase","firebase-functions-hash":"559c7097963d4ea448f6dadf99a9e217b0038027"},"environment":"GEN_2"},"stages":[{"name":"BUILD","message":"Build in progress","state":"IN_PROGRESS","resource":"projects/785496190768/locations/us-central1/builds/abf1a58c-a334-443c-934c-9dab51d27348","resourceUri":"https://console.cloud.google.com/cloud-build/builds;region=us-central1/abf1a58c-a334-443c-934c-9dab51d27348?project=785496190768"},{"name":"SERVICE","state":"NOT_STARTED"}],"operationType":"CREATE_FUNCTION","buildName":"projects/785496190768/locations/us-central1/builds/abf1a58c-a334-443c-934c-9dab51d27348"},"done":false}
[debug] [2026-03-16T05:58:31.885Z] [create-default-us-central1-plaidExchange] Retrying task index 0
[debug] [2026-03-16T05:58:31.885Z] Checked if tokens are valid: true, expires at: 1773643459548
[debug] [2026-03-16T05:58:31.885Z] Checked if tokens are valid: true, expires at: 1773643459548
[debug] [2026-03-16T05:58:31.886Z] >>> [apiv2][query] GET https://cloudfunctions.googleapis.com/v2/projects/helpfulapp-962b1/locations/us-central1/operations/operation-1773640684073-64d1de6eef2d7-128a41ba-34e50b9a [none]
[debug] [2026-03-16T05:58:32.030Z] <<< [apiv2][status] GET https://cloudfunctions.googleapis.com/v2/projects/helpfulapp-962b1/locations/us-central1/operations/operation-1773640684073-64d1de6eef2d7-128a41ba-34e50b9a 200
[debug] [2026-03-16T05:58:32.030Z] <<< [apiv2][body] GET https://cloudfunctions.googleapis.com/v2/projects/helpfulapp-962b1/locations/us-central1/operations/operation-1773640684073-64d1de6eef2d7-128a41ba-34e50b9a {"name":"projects/helpfulapp-962b1/locations/us-central1/operations/operation-1773640684073-64d1de6eef2d7-128a41ba-34e50b9a","metadata":{"@type":"type.googleapis.com/google.cloud.functions.v2.OperationMetadata","createTime":"2026-03-16T05:58:05.607824350Z","target":"projects/helpfulapp-962b1/locations/us-central1/functions/plaidExchange","verb":"create","cancelRequested":false,"apiVersion":"v2","requestResource":{"@type":"type.googleapis.com/google.cloud.functions.v2.Function","name":"projects/helpfulapp-962b1/locations/us-central1/functions/plaidExchange","buildConfig":{"runtime":"nodejs20","entryPoint":"plaidExchange","source":{"storageSource":{"bucket":"gcf-v2-sources-785496190768-us-central1","object":"plaidExchange/function-source.zip","generation":"1773640684880338"}},"environmentVariables":{"GOOGLE_NODE_RUN_SCRIPTS":""},"serviceAccount":"projects/helpfulapp-962b1/serviceAccounts/785496190768-compute@developer.gserviceaccount.com","automaticUpdatePolicy":{}},"serviceConfig":{"service":"projects/helpfulapp-962b1/locations/us-central1/services/plaidexchange","timeoutSeconds":60,"environmentVariables":{"PLAID_CLIENT_ID":"69b5c2b6920f88000d8ddd46","PLAID_SECRET":"4346b1754aadfebefad45cb427ef81","FIREBASE_CONFIG":"{\"projectId\":\"helpfulapp-962b1\",\"storageBucket\":\"helpfulapp-962b1.firebasestorage.app\"}","GCLOUD_PROJECT":"helpfulapp-962b1","EVENTARC_CLOUD_EVENT_SOURCE":"projects/helpfulapp-962b1/locations/us-central1/services/plaidExchange","FUNCTION_TARGET":"plaidExchange","LOG_EXECUTION_ID":"true"},"ingressSettings":"ALLOW_ALL","serviceAccountEmail":"785496190768-compute@developer.gserviceaccount.com","availableMemory":"256Mi","maxInstanceRequestConcurrency":80,"availableCpu":"1"},"labels":{"deployment-tool":"cli-firebase","firebase-functions-hash":"559c7097963d4ea448f6dadf99a9e217b0038027"},"environment":"GEN_2"},"stages":[{"name":"BUILD","message":"Build in progress","state":"IN_PROGRESS","resource":"projects/785496190768/locations/us-central1/builds/abf1a58c-a334-443c-934c-9dab51d27348","resourceUri":"https://console.cloud.google.com/cloud-build/builds;region=us-central1/abf1a58c-a334-443c-934c-9dab51d27348?project=785496190768"},{"name":"SERVICE","state":"NOT_STARTED"}],"operationType":"CREATE_FUNCTION","buildName":"projects/785496190768/locations/us-central1/builds/abf1a58c-a334-443c-934c-9dab51d27348"},"done":false}
[debug] [2026-03-16T05:58:42.031Z] [create-default-us-central1-plaidExchange] Retrying task index 0
[debug] [2026-03-16T05:58:42.032Z] Checked if tokens are valid: true, expires at: 1773643459548
[debug] [2026-03-16T05:58:42.032Z] Checked if tokens are valid: true, expires at: 1773643459548
[debug] [2026-03-16T05:58:42.032Z] >>> [apiv2][query] GET https://cloudfunctions.googleapis.com/v2/projects/helpfulapp-962b1/locations/us-central1/operations/operation-1773640684073-64d1de6eef2d7-128a41ba-34e50b9a [none]
[debug] [2026-03-16T05:58:42.235Z] <<< [apiv2][status] GET https://cloudfunctions.googleapis.com/v2/projects/helpfulapp-962b1/locations/us-central1/operations/operation-1773640684073-64d1de6eef2d7-128a41ba-34e50b9a 200
[debug] [2026-03-16T05:58:42.236Z] <<< [apiv2][body] GET https://cloudfunctions.googleapis.com/v2/projects/helpfulapp-962b1/locations/us-central1/operations/operation-1773640684073-64d1de6eef2d7-128a41ba-34e50b9a {"name":"projects/helpfulapp-962b1/locations/us-central1/operations/operation-1773640684073-64d1de6eef2d7-128a41ba-34e50b9a","metadata":{"@type":"type.googleapis.com/google.cloud.functions.v2.OperationMetadata","createTime":"2026-03-16T05:58:05.607824350Z","target":"projects/helpfulapp-962b1/locations/us-central1/functions/plaidExchange","verb":"create","cancelRequested":false,"apiVersion":"v2","requestResource":{"@type":"type.googleapis.com/google.cloud.functions.v2.Function","name":"projects/helpfulapp-962b1/locations/us-central1/functions/plaidExchange","buildConfig":{"runtime":"nodejs20","entryPoint":"plaidExchange","source":{"storageSource":{"bucket":"gcf-v2-sources-785496190768-us-central1","object":"plaidExchange/function-source.zip","generation":"1773640684880338"}},"environmentVariables":{"GOOGLE_NODE_RUN_SCRIPTS":""},"serviceAccount":"projects/helpfulapp-962b1/serviceAccounts/785496190768-compute@developer.gserviceaccount.com","automaticUpdatePolicy":{}},"serviceConfig":{"service":"projects/helpfulapp-962b1/locations/us-central1/services/plaidexchange","timeoutSeconds":60,"environmentVariables":{"PLAID_CLIENT_ID":"69b5c2b6920f88000d8ddd46","PLAID_SECRET":"4346b1754aadfebefad45cb427ef81","FIREBASE_CONFIG":"{\"projectId\":\"helpfulapp-962b1\",\"storageBucket\":\"helpfulapp-962b1.firebasestorage.app\"}","GCLOUD_PROJECT":"helpfulapp-962b1","EVENTARC_CLOUD_EVENT_SOURCE":"projects/helpfulapp-962b1/locations/us-central1/services/plaidExchange","FUNCTION_TARGET":"plaidExchange","LOG_EXECUTION_ID":"true"},"ingressSettings":"ALLOW_ALL","serviceAccountEmail":"785496190768-compute@developer.gserviceaccount.com","availableMemory":"256Mi","maxInstanceRequestConcurrency":80,"availableCpu":"1"},"labels":{"deployment-tool":"cli-firebase","firebase-functions-hash":"559c7097963d4ea448f6dadf99a9e217b0038027"},"environment":"GEN_2"},"stages":[{"name":"BUILD","message":"Build in progress","state":"IN_PROGRESS","resource":"projects/785496190768/locations/us-central1/builds/abf1a58c-a334-443c-934c-9dab51d27348","resourceUri":"https://console.cloud.google.com/cloud-build/builds;region=us-central1/abf1a58c-a334-443c-934c-9dab51d27348?project=785496190768"},{"name":"SERVICE","state":"NOT_STARTED"}],"operationType":"CREATE_FUNCTION","buildName":"projects/785496190768/locations/us-central1/builds/abf1a58c-a334-443c-934c-9dab51d27348"},"done":false}
[debug] [2026-03-16T05:58:52.237Z] [create-default-us-central1-plaidExchange] Retrying task index 0
[debug] [2026-03-16T05:58:52.238Z] Checked if tokens are valid: true, expires at: 1773643459548
[debug] [2026-03-16T05:58:52.238Z] Checked if tokens are valid: true, expires at: 1773643459548
[debug] [2026-03-16T05:58:52.238Z] >>> [apiv2][query] GET https://cloudfunctions.googleapis.com/v2/projects/helpfulapp-962b1/locations/us-central1/operations/operation-1773640684073-64d1de6eef2d7-128a41ba-34e50b9a [none]
[debug] [2026-03-16T05:58:52.506Z] <<< [apiv2][status] GET https://cloudfunctions.googleapis.com/v2/projects/helpfulapp-962b1/locations/us-central1/operations/operation-1773640684073-64d1de6eef2d7-128a41ba-34e50b9a 200
[debug] [2026-03-16T05:58:52.506Z] <<< [apiv2][body] GET https://cloudfunctions.googleapis.com/v2/projects/helpfulapp-962b1/locations/us-central1/operations/operation-1773640684073-64d1de6eef2d7-128a41ba-34e50b9a {"name":"projects/helpfulapp-962b1/locations/us-central1/operations/operation-1773640684073-64d1de6eef2d7-128a41ba-34e50b9a","metadata":{"@type":"type.googleapis.com/google.cloud.functions.v2.OperationMetadata","createTime":"2026-03-16T05:58:05.607824350Z","endTime":"2026-03-16T05:58:50.408441316Z","target":"projects/helpfulapp-962b1/locations/us-central1/functions/plaidExchange","verb":"create","cancelRequested":false,"apiVersion":"v2","requestResource":{"@type":"type.googleapis.com/google.cloud.functions.v2.Function","name":"projects/helpfulapp-962b1/locations/us-central1/functions/plaidExchange","buildConfig":{"runtime":"nodejs20","entryPoint":"plaidExchange","source":{"storageSource":{"bucket":"gcf-v2-sources-785496190768-us-central1","object":"plaidExchange/function-source.zip","generation":"1773640684880338"}},"environmentVariables":{"GOOGLE_NODE_RUN_SCRIPTS":""},"serviceAccount":"projects/helpfulapp-962b1/serviceAccounts/785496190768-compute@developer.gserviceaccount.com","automaticUpdatePolicy":{}},"serviceConfig":{"service":"projects/helpfulapp-962b1/locations/us-central1/services/plaidexchange","timeoutSeconds":60,"environmentVariables":{"PLAID_CLIENT_ID":"69b5c2b6920f88000d8ddd46","PLAID_SECRET":"4346b1754aadfebefad45cb427ef81","FIREBASE_CONFIG":"{\"projectId\":\"helpfulapp-962b1\",\"storageBucket\":\"helpfulapp-962b1.firebasestorage.app\"}","GCLOUD_PROJECT":"helpfulapp-962b1","EVENTARC_CLOUD_EVENT_SOURCE":"projects/helpfulapp-962b1/locations/us-central1/services/plaidExchange","FUNCTION_TARGET":"plaidExchange","LOG_EXECUTION_ID":"true"},"ingressSettings":"ALLOW_ALL","serviceAccountEmail":"785496190768-compute@developer.gserviceaccount.com","availableMemory":"256Mi","maxInstanceRequestConcurrency":80,"availableCpu":"1"},"labels":{"deployment-tool":"cli-firebase","firebase-functions-hash":"559c7097963d4ea448f6dadf99a9e217b0038027"},"environment":"GEN_2"},"stages":[{"name":"ARTIFACT_REGISTRY","message":"Deleting function artifacts in Artifact Registry","state":"COMPLETE"},{"name":"SERVICE","message":"Deleting Cloud Run service","state":"COMPLETE","resource":"projects/helpfulapp-962b1/locations/us-central1/services/plaidexchange"}],"operationType":"CREATE_FUNCTION"},"done":true,"error":{"code":3,"message":"Build failed with status: FAILURE. Could not build the function due to a missing permission on the build service account. If you didn't revoke that permission explicitly, this could be caused by a change in the organization policies. Please refer to the following documentation for more details and resolution: https://cloud.google.com/functions/docs/troubleshooting#build-service-account\n You can also view the logs at https://console.cloud.google.com/cloud-build/builds;region=us-central1/abf1a58c-a334-443c-934c-9dab51d27348?project=785496190768.\n"}}
[debug] [2026-03-16T05:58:52.506Z] Got source token undefined for region us-central1
[debug] [2026-03-16T05:58:52.506Z] Checked if tokens are valid: true, expires at: 1773643459548
[debug] [2026-03-16T05:58:52.506Z] Checked if tokens are valid: true, expires at: 1773643459548
[debug] [2026-03-16T05:58:52.507Z] >>> [apiv2][query] POST https://cloudfunctions.googleapis.com/v2/projects/helpfulapp-962b1/locations/us-central1/functions functionId=plaidLinkToken
[debug] [2026-03-16T05:58:52.507Z] >>> [apiv2][body] POST https://cloudfunctions.googleapis.com/v2/projects/helpfulapp-962b1/locations/us-central1/functions {"name":"projects/helpfulapp-962b1/locations/us-central1/functions/plaidLinkToken","buildConfig":{"runtime":"nodejs20","entryPoint":"plaidLinkToken","source":{"storageSource":{"bucket":"gcf-v2-uploads-785496190768.us-central1.cloudfunctions.appspot.com","object":"bb82dd53-76ae-4e8e-90e4-ff891959765f.zip"}},"environmentVariables":{"GOOGLE_NODE_RUN_SCRIPTS":""}},"serviceConfig":{"environmentVariables":{"PLAID_CLIENT_ID":"69b5c2b6920f88000d8ddd46","PLAID_SECRET":"4346b1754aadfebefad45cb427ef81","FIREBASE_CONFIG":"{\"projectId\":\"helpfulapp-962b1\",\"storageBucket\":\"helpfulapp-962b1.firebasestorage.app\"}","GCLOUD_PROJECT":"helpfulapp-962b1","EVENTARC_CLOUD_EVENT_SOURCE":"projects/helpfulapp-962b1/locations/us-central1/services/plaidLinkToken","FUNCTION_TARGET":"plaidLinkToken","LOG_EXECUTION_ID":"true"},"ingressSettings":null,"timeoutSeconds":null,"serviceAccountEmail":null,"availableMemory":"256Mi","minInstanceCount":null,"maxInstanceCount":null,"maxInstanceRequestConcurrency":80,"availableCpu":"1","vpcConnector":null,"vpcConnectorEgressSettings":null,"directVpcNetworkInterface":null,"directVpcEgress":null},"labels":{"deployment-tool":"cli-firebase","firebase-functions-hash":"559c7097963d4ea448f6dadf99a9e217b0038027"}}
[error] Build failed with status: FAILURE. Could not build the function due to a missing permission on the build service account. If you didn't revoke that permission explicitly, this could be caused by a change in the organization policies. Please refer to the following documentation for more details and resolution: https://cloud.google.com/functions/docs/troubleshooting#build-service-account
 You can also view the logs at https://console.cloud.google.com/cloud-build/builds;region=us-central1/abf1a58c-a334-443c-934c-9dab51d27348?project=785496190768.

[debug] [2026-03-16T05:58:53.099Z] <<< [apiv2][status] POST https://cloudfunctions.googleapis.com/v2/projects/helpfulapp-962b1/locations/us-central1/functions 200
[debug] [2026-03-16T05:58:53.100Z] <<< [apiv2][body] POST https://cloudfunctions.googleapis.com/v2/projects/helpfulapp-962b1/locations/us-central1/functions {"name":"projects/helpfulapp-962b1/locations/us-central1/operations/operation-1773640732621-64d1de9d3bb76-e567a0da-66030cf1","metadata":{"@type":"type.googleapis.com/google.cloud.functions.v2.OperationMetadata","createTime":"2026-03-16T05:58:53.049105080Z","target":"projects/helpfulapp-962b1/locations/us-central1/functions/plaidLinkToken","verb":"create","cancelRequested":false,"apiVersion":"v2"},"done":false}
[debug] [2026-03-16T05:58:53.100Z] Checked if tokens are valid: true, expires at: 1773643459548
[debug] [2026-03-16T05:58:53.100Z] Checked if tokens are valid: true, expires at: 1773643459548
[debug] [2026-03-16T05:58:53.101Z] >>> [apiv2][query] GET https://cloudfunctions.googleapis.com/v2/projects/helpfulapp-962b1/locations/us-central1/operations/operation-1773640732621-64d1de9d3bb76-e567a0da-66030cf1 [none]
[debug] [2026-03-16T05:58:53.236Z] <<< [apiv2][status] GET https://cloudfunctions.googleapis.com/v2/projects/helpfulapp-962b1/locations/us-central1/operations/operation-1773640732621-64d1de9d3bb76-e567a0da-66030cf1 200
[debug] [2026-03-16T05:58:53.236Z] <<< [apiv2][body] GET https://cloudfunctions.googleapis.com/v2/projects/helpfulapp-962b1/locations/us-central1/operations/operation-1773640732621-64d1de9d3bb76-e567a0da-66030cf1 {"name":"projects/helpfulapp-962b1/locations/us-central1/operations/operation-1773640732621-64d1de9d3bb76-e567a0da-66030cf1","metadata":{"@type":"type.googleapis.com/google.cloud.functions.v2.OperationMetadata","createTime":"2026-03-16T05:58:53.049105080Z","target":"projects/helpfulapp-962b1/locations/us-central1/functions/plaidLinkToken","verb":"create","cancelRequested":false,"apiVersion":"v2","requestResource":{"@type":"type.googleapis.com/google.cloud.functions.v2.Function","name":"projects/helpfulapp-962b1/locations/us-central1/functions/plaidLinkToken","buildConfig":{"runtime":"nodejs20","entryPoint":"plaidLinkToken","source":{"storageSource":{"bucket":"gcf-v2-sources-785496190768-us-central1","object":"plaidLinkToken/function-source.zip","generation":"1773640732836185"}},"environmentVariables":{"GOOGLE_NODE_RUN_SCRIPTS":""},"serviceAccount":"projects/helpfulapp-962b1/serviceAccounts/785496190768-compute@developer.gserviceaccount.com","automaticUpdatePolicy":{}},"serviceConfig":{"service":"projects/helpfulapp-962b1/locations/us-central1/services/plaidlinktoken","timeoutSeconds":60,"environmentVariables":{"PLAID_CLIENT_ID":"69b5c2b6920f88000d8ddd46","PLAID_SECRET":"4346b1754aadfebefad45cb427ef81","FIREBASE_CONFIG":"{\"projectId\":\"helpfulapp-962b1\",\"storageBucket\":\"helpfulapp-962b1.firebasestorage.app\"}","GCLOUD_PROJECT":"helpfulapp-962b1","EVENTARC_CLOUD_EVENT_SOURCE":"projects/helpfulapp-962b1/locations/us-central1/services/plaidLinkToken","FUNCTION_TARGET":"plaidLinkToken","LOG_EXECUTION_ID":"true"},"ingressSettings":"ALLOW_ALL","serviceAccountEmail":"785496190768-compute@developer.gserviceaccount.com","availableMemory":"256Mi","maxInstanceRequestConcurrency":80,"availableCpu":"1"},"labels":{"deployment-tool":"cli-firebase","firebase-functions-hash":"559c7097963d4ea448f6dadf99a9e217b0038027"},"environment":"GEN_2"},"stages":[{"name":"BUILD","state":"NOT_STARTED","stateMessages":[{"severity":"WARNING","type":"BuildAnalysisWarning","message":"Node.js 20 is no longer supported by the Node.js community as of 30 April, 2026. Node.js 20 will be deprecated on 2026-04-30. We recommend you to upgrade to the latest version of Node.js as soon as possible."}]},{"name":"SERVICE","state":"NOT_STARTED"}],"operationType":"CREATE_FUNCTION"},"done":false}
[debug] [2026-03-16T05:58:53.738Z] [create-default-us-central1-plaidLinkToken] Retrying task index 0
[debug] [2026-03-16T05:58:53.739Z] Checked if tokens are valid: true, expires at: 1773643459548
[debug] [2026-03-16T05:58:53.739Z] Checked if tokens are valid: true, expires at: 1773643459548
[debug] [2026-03-16T05:58:53.739Z] >>> [apiv2][query] GET https://cloudfunctions.googleapis.com/v2/projects/helpfulapp-962b1/locations/us-central1/operations/operation-1773640732621-64d1de9d3bb76-e567a0da-66030cf1 [none]
[debug] [2026-03-16T05:58:53.843Z] <<< [apiv2][status] GET https://cloudfunctions.googleapis.com/v2/projects/helpfulapp-962b1/locations/us-central1/operations/operation-1773640732621-64d1de9d3bb76-e567a0da-66030cf1 200
[debug] [2026-03-16T05:58:53.844Z] <<< [apiv2][body] GET https://cloudfunctions.googleapis.com/v2/projects/helpfulapp-962b1/locations/us-central1/operations/operation-1773640732621-64d1de9d3bb76-e567a0da-66030cf1 {"name":"projects/helpfulapp-962b1/locations/us-central1/operations/operation-1773640732621-64d1de9d3bb76-e567a0da-66030cf1","metadata":{"@type":"type.googleapis.com/google.cloud.functions.v2.OperationMetadata","createTime":"2026-03-16T05:58:53.049105080Z","target":"projects/helpfulapp-962b1/locations/us-central1/functions/plaidLinkToken","verb":"create","cancelRequested":false,"apiVersion":"v2","requestResource":{"@type":"type.googleapis.com/google.cloud.functions.v2.Function","name":"projects/helpfulapp-962b1/locations/us-central1/functions/plaidLinkToken","buildConfig":{"runtime":"nodejs20","entryPoint":"plaidLinkToken","source":{"storageSource":{"bucket":"gcf-v2-sources-785496190768-us-central1","object":"plaidLinkToken/function-source.zip","generation":"1773640732836185"}},"environmentVariables":{"GOOGLE_NODE_RUN_SCRIPTS":""},"serviceAccount":"projects/helpfulapp-962b1/serviceAccounts/785496190768-compute@developer.gserviceaccount.com","automaticUpdatePolicy":{}},"serviceConfig":{"service":"projects/helpfulapp-962b1/locations/us-central1/services/plaidlinktoken","timeoutSeconds":60,"environmentVariables":{"PLAID_CLIENT_ID":"69b5c2b6920f88000d8ddd46","PLAID_SECRET":"4346b1754aadfebefad45cb427ef81","FIREBASE_CONFIG":"{\"projectId\":\"helpfulapp-962b1\",\"storageBucket\":\"helpfulapp-962b1.firebasestorage.app\"}","GCLOUD_PROJECT":"helpfulapp-962b1","EVENTARC_CLOUD_EVENT_SOURCE":"projects/helpfulapp-962b1/locations/us-central1/services/plaidLinkToken","FUNCTION_TARGET":"plaidLinkToken","LOG_EXECUTION_ID":"true"},"ingressSettings":"ALLOW_ALL","serviceAccountEmail":"785496190768-compute@developer.gserviceaccount.com","availableMemory":"256Mi","maxInstanceRequestConcurrency":80,"availableCpu":"1"},"labels":{"deployment-tool":"cli-firebase","firebase-functions-hash":"559c7097963d4ea448f6dadf99a9e217b0038027"},"environment":"GEN_2"},"stages":[{"name":"BUILD","message":"Creating build","state":"IN_PROGRESS","resource":"projects/785496190768/locations/us-central1/builds/6e8ea25b-609b-449f-be7f-c17ac10c5367","resourceUri":"https://console.cloud.google.com/cloud-build/builds;region=us-central1/6e8ea25b-609b-449f-be7f-c17ac10c5367?project=785496190768"},{"name":"SERVICE","state":"NOT_STARTED"}],"operationType":"CREATE_FUNCTION","buildName":"projects/785496190768/locations/us-central1/builds/6e8ea25b-609b-449f-be7f-c17ac10c5367"},"done":false}
[debug] [2026-03-16T05:58:54.845Z] [create-default-us-central1-plaidLinkToken] Retrying task index 0
[debug] [2026-03-16T05:58:54.845Z] Checked if tokens are valid: true, expires at: 1773643459548
[debug] [2026-03-16T05:58:54.845Z] Checked if tokens are valid: true, expires at: 1773643459548
[debug] [2026-03-16T05:58:54.846Z] >>> [apiv2][query] GET https://cloudfunctions.googleapis.com/v2/projects/helpfulapp-962b1/locations/us-central1/operations/operation-1773640732621-64d1de9d3bb76-e567a0da-66030cf1 [none]
[debug] [2026-03-16T05:58:54.917Z] <<< [apiv2][status] GET https://cloudfunctions.googleapis.com/v2/projects/helpfulapp-962b1/locations/us-central1/operations/operation-1773640732621-64d1de9d3bb76-e567a0da-66030cf1 200
[debug] [2026-03-16T05:58:54.917Z] <<< [apiv2][body] GET https://cloudfunctions.googleapis.com/v2/projects/helpfulapp-962b1/locations/us-central1/operations/operation-1773640732621-64d1de9d3bb76-e567a0da-66030cf1 {"name":"projects/helpfulapp-962b1/locations/us-central1/operations/operation-1773640732621-64d1de9d3bb76-e567a0da-66030cf1","metadata":{"@type":"type.googleapis.com/google.cloud.functions.v2.OperationMetadata","createTime":"2026-03-16T05:58:53.049105080Z","target":"projects/helpfulapp-962b1/locations/us-central1/functions/plaidLinkToken","verb":"create","cancelRequested":false,"apiVersion":"v2","requestResource":{"@type":"type.googleapis.com/google.cloud.functions.v2.Function","name":"projects/helpfulapp-962b1/locations/us-central1/functions/plaidLinkToken","buildConfig":{"runtime":"nodejs20","entryPoint":"plaidLinkToken","source":{"storageSource":{"bucket":"gcf-v2-sources-785496190768-us-central1","object":"plaidLinkToken/function-source.zip","generation":"1773640732836185"}},"environmentVariables":{"GOOGLE_NODE_RUN_SCRIPTS":""},"serviceAccount":"projects/helpfulapp-962b1/serviceAccounts/785496190768-compute@developer.gserviceaccount.com","automaticUpdatePolicy":{}},"serviceConfig":{"service":"projects/helpfulapp-962b1/locations/us-central1/services/plaidlinktoken","timeoutSeconds":60,"environmentVariables":{"PLAID_CLIENT_ID":"69b5c2b6920f88000d8ddd46","PLAID_SECRET":"4346b1754aadfebefad45cb427ef81","FIREBASE_CONFIG":"{\"projectId\":\"helpfulapp-962b1\",\"storageBucket\":\"helpfulapp-962b1.firebasestorage.app\"}","GCLOUD_PROJECT":"helpfulapp-962b1","EVENTARC_CLOUD_EVENT_SOURCE":"projects/helpfulapp-962b1/locations/us-central1/services/plaidLinkToken","FUNCTION_TARGET":"plaidLinkToken","LOG_EXECUTION_ID":"true"},"ingressSettings":"ALLOW_ALL","serviceAccountEmail":"785496190768-compute@developer.gserviceaccount.com","availableMemory":"256Mi","maxInstanceRequestConcurrency":80,"availableCpu":"1"},"labels":{"deployment-tool":"cli-firebase","firebase-functions-hash":"559c7097963d4ea448f6dadf99a9e217b0038027"},"environment":"GEN_2"},"stages":[{"name":"BUILD","message":"Build in progress","state":"IN_PROGRESS","resource":"projects/785496190768/locations/us-central1/builds/6e8ea25b-609b-449f-be7f-c17ac10c5367","resourceUri":"https://console.cloud.google.com/cloud-build/builds;region=us-central1/6e8ea25b-609b-449f-be7f-c17ac10c5367?project=785496190768"},{"name":"SERVICE","state":"NOT_STARTED"}],"operationType":"CREATE_FUNCTION","buildName":"projects/785496190768/locations/us-central1/builds/6e8ea25b-609b-449f-be7f-c17ac10c5367"},"done":false}
[debug] [2026-03-16T05:58:56.919Z] [create-default-us-central1-plaidLinkToken] Retrying task index 0
[debug] [2026-03-16T05:58:56.920Z] Checked if tokens are valid: true, expires at: 1773643459548
[debug] [2026-03-16T05:58:56.920Z] Checked if tokens are valid: true, expires at: 1773643459548
[debug] [2026-03-16T05:58:56.920Z] >>> [apiv2][query] GET https://cloudfunctions.googleapis.com/v2/projects/helpfulapp-962b1/locations/us-central1/operations/operation-1773640732621-64d1de9d3bb76-e567a0da-66030cf1 [none]
[debug] [2026-03-16T05:58:57.016Z] <<< [apiv2][status] GET https://cloudfunctions.googleapis.com/v2/projects/helpfulapp-962b1/locations/us-central1/operations/operation-1773640732621-64d1de9d3bb76-e567a0da-66030cf1 200
[debug] [2026-03-16T05:58:57.016Z] <<< [apiv2][body] GET https://cloudfunctions.googleapis.com/v2/projects/helpfulapp-962b1/locations/us-central1/operations/operation-1773640732621-64d1de9d3bb76-e567a0da-66030cf1 {"name":"projects/helpfulapp-962b1/locations/us-central1/operations/operation-1773640732621-64d1de9d3bb76-e567a0da-66030cf1","metadata":{"@type":"type.googleapis.com/google.cloud.functions.v2.OperationMetadata","createTime":"2026-03-16T05:58:53.049105080Z","target":"projects/helpfulapp-962b1/locations/us-central1/functions/plaidLinkToken","verb":"create","cancelRequested":false,"apiVersion":"v2","requestResource":{"@type":"type.googleapis.com/google.cloud.functions.v2.Function","name":"projects/helpfulapp-962b1/locations/us-central1/functions/plaidLinkToken","buildConfig":{"runtime":"nodejs20","entryPoint":"plaidLinkToken","source":{"storageSource":{"bucket":"gcf-v2-sources-785496190768-us-central1","object":"plaidLinkToken/function-source.zip","generation":"1773640732836185"}},"environmentVariables":{"GOOGLE_NODE_RUN_SCRIPTS":""},"serviceAccount":"projects/helpfulapp-962b1/serviceAccounts/785496190768-compute@developer.gserviceaccount.com","automaticUpdatePolicy":{}},"serviceConfig":{"service":"projects/helpfulapp-962b1/locations/us-central1/services/plaidlinktoken","timeoutSeconds":60,"environmentVariables":{"PLAID_CLIENT_ID":"69b5c2b6920f88000d8ddd46","PLAID_SECRET":"4346b1754aadfebefad45cb427ef81","FIREBASE_CONFIG":"{\"projectId\":\"helpfulapp-962b1\",\"storageBucket\":\"helpfulapp-962b1.firebasestorage.app\"}","GCLOUD_PROJECT":"helpfulapp-962b1","EVENTARC_CLOUD_EVENT_SOURCE":"projects/helpfulapp-962b1/locations/us-central1/services/plaidLinkToken","FUNCTION_TARGET":"plaidLinkToken","LOG_EXECUTION_ID":"true"},"ingressSettings":"ALLOW_ALL","serviceAccountEmail":"785496190768-compute@developer.gserviceaccount.com","availableMemory":"256Mi","maxInstanceRequestConcurrency":80,"availableCpu":"1"},"labels":{"deployment-tool":"cli-firebase","firebase-functions-hash":"559c7097963d4ea448f6dadf99a9e217b0038027"},"environment":"GEN_2"},"stages":[{"name":"BUILD","message":"Build in progress","state":"IN_PROGRESS","resource":"projects/785496190768/locations/us-central1/builds/6e8ea25b-609b-449f-be7f-c17ac10c5367","resourceUri":"https://console.cloud.google.com/cloud-build/builds;region=us-central1/6e8ea25b-609b-449f-be7f-c17ac10c5367?project=785496190768"},{"name":"SERVICE","state":"NOT_STARTED"}],"operationType":"CREATE_FUNCTION","buildName":"projects/785496190768/locations/us-central1/builds/6e8ea25b-609b-449f-be7f-c17ac10c5367"},"done":false}
[debug] [2026-03-16T05:59:01.018Z] [create-default-us-central1-plaidLinkToken] Retrying task index 0
[debug] [2026-03-16T05:59:01.018Z] Checked if tokens are valid: true, expires at: 1773643459548
[debug] [2026-03-16T05:59:01.018Z] Checked if tokens are valid: true, expires at: 1773643459548
[debug] [2026-03-16T05:59:01.018Z] >>> [apiv2][query] GET https://cloudfunctions.googleapis.com/v2/projects/helpfulapp-962b1/locations/us-central1/operations/operation-1773640732621-64d1de9d3bb76-e567a0da-66030cf1 [none]
[debug] [2026-03-16T05:59:01.241Z] <<< [apiv2][status] GET https://cloudfunctions.googleapis.com/v2/projects/helpfulapp-962b1/locations/us-central1/operations/operation-1773640732621-64d1de9d3bb76-e567a0da-66030cf1 200
[debug] [2026-03-16T05:59:01.242Z] <<< [apiv2][body] GET https://cloudfunctions.googleapis.com/v2/projects/helpfulapp-962b1/locations/us-central1/operations/operation-1773640732621-64d1de9d3bb76-e567a0da-66030cf1 {"name":"projects/helpfulapp-962b1/locations/us-central1/operations/operation-1773640732621-64d1de9d3bb76-e567a0da-66030cf1","metadata":{"@type":"type.googleapis.com/google.cloud.functions.v2.OperationMetadata","createTime":"2026-03-16T05:58:53.049105080Z","target":"projects/helpfulapp-962b1/locations/us-central1/functions/plaidLinkToken","verb":"create","cancelRequested":false,"apiVersion":"v2","requestResource":{"@type":"type.googleapis.com/google.cloud.functions.v2.Function","name":"projects/helpfulapp-962b1/locations/us-central1/functions/plaidLinkToken","buildConfig":{"runtime":"nodejs20","entryPoint":"plaidLinkToken","source":{"storageSource":{"bucket":"gcf-v2-sources-785496190768-us-central1","object":"plaidLinkToken/function-source.zip","generation":"1773640732836185"}},"environmentVariables":{"GOOGLE_NODE_RUN_SCRIPTS":""},"serviceAccount":"projects/helpfulapp-962b1/serviceAccounts/785496190768-compute@developer.gserviceaccount.com","automaticUpdatePolicy":{}},"serviceConfig":{"service":"projects/helpfulapp-962b1/locations/us-central1/services/plaidlinktoken","timeoutSeconds":60,"environmentVariables":{"PLAID_CLIENT_ID":"69b5c2b6920f88000d8ddd46","PLAID_SECRET":"4346b1754aadfebefad45cb427ef81","FIREBASE_CONFIG":"{\"projectId\":\"helpfulapp-962b1\",\"storageBucket\":\"helpfulapp-962b1.firebasestorage.app\"}","GCLOUD_PROJECT":"helpfulapp-962b1","EVENTARC_CLOUD_EVENT_SOURCE":"projects/helpfulapp-962b1/locations/us-central1/services/plaidLinkToken","FUNCTION_TARGET":"plaidLinkToken","LOG_EXECUTION_ID":"true"},"ingressSettings":"ALLOW_ALL","serviceAccountEmail":"785496190768-compute@developer.gserviceaccount.com","availableMemory":"256Mi","maxInstanceRequestConcurrency":80,"availableCpu":"1"},"labels":{"deployment-tool":"cli-firebase","firebase-functions-hash":"559c7097963d4ea448f6dadf99a9e217b0038027"},"environment":"GEN_2"},"stages":[{"name":"BUILD","message":"Build in progress","state":"IN_PROGRESS","resource":"projects/785496190768/locations/us-central1/builds/6e8ea25b-609b-449f-be7f-c17ac10c5367","resourceUri":"https://console.cloud.google.com/cloud-build/builds;region=us-central1/6e8ea25b-609b-449f-be7f-c17ac10c5367?project=785496190768"},{"name":"SERVICE","state":"NOT_STARTED"}],"operationType":"CREATE_FUNCTION","buildName":"projects/785496190768/locations/us-central1/builds/6e8ea25b-609b-449f-be7f-c17ac10c5367"},"done":false}
[debug] [2026-03-16T05:59:09.243Z] [create-default-us-central1-plaidLinkToken] Retrying task index 0
[debug] [2026-03-16T05:59:09.243Z] Checked if tokens are valid: true, expires at: 1773643459548
[debug] [2026-03-16T05:59:09.243Z] Checked if tokens are valid: true, expires at: 1773643459548
[debug] [2026-03-16T05:59:09.243Z] >>> [apiv2][query] GET https://cloudfunctions.googleapis.com/v2/projects/helpfulapp-962b1/locations/us-central1/operations/operation-1773640732621-64d1de9d3bb76-e567a0da-66030cf1 [none]
[debug] [2026-03-16T05:59:09.478Z] <<< [apiv2][status] GET https://cloudfunctions.googleapis.com/v2/projects/helpfulapp-962b1/locations/us-central1/operations/operation-1773640732621-64d1de9d3bb76-e567a0da-66030cf1 200
[debug] [2026-03-16T05:59:09.478Z] <<< [apiv2][body] GET https://cloudfunctions.googleapis.com/v2/projects/helpfulapp-962b1/locations/us-central1/operations/operation-1773640732621-64d1de9d3bb76-e567a0da-66030cf1 {"name":"projects/helpfulapp-962b1/locations/us-central1/operations/operation-1773640732621-64d1de9d3bb76-e567a0da-66030cf1","metadata":{"@type":"type.googleapis.com/google.cloud.functions.v2.OperationMetadata","createTime":"2026-03-16T05:58:53.049105080Z","target":"projects/helpfulapp-962b1/locations/us-central1/functions/plaidLinkToken","verb":"create","cancelRequested":false,"apiVersion":"v2","requestResource":{"@type":"type.googleapis.com/google.cloud.functions.v2.Function","name":"projects/helpfulapp-962b1/locations/us-central1/functions/plaidLinkToken","buildConfig":{"runtime":"nodejs20","entryPoint":"plaidLinkToken","source":{"storageSource":{"bucket":"gcf-v2-sources-785496190768-us-central1","object":"plaidLinkToken/function-source.zip","generation":"1773640732836185"}},"environmentVariables":{"GOOGLE_NODE_RUN_SCRIPTS":""},"serviceAccount":"projects/helpfulapp-962b1/serviceAccounts/785496190768-compute@developer.gserviceaccount.com","automaticUpdatePolicy":{}},"serviceConfig":{"service":"projects/helpfulapp-962b1/locations/us-central1/services/plaidlinktoken","timeoutSeconds":60,"environmentVariables":{"PLAID_CLIENT_ID":"69b5c2b6920f88000d8ddd46","PLAID_SECRET":"4346b1754aadfebefad45cb427ef81","FIREBASE_CONFIG":"{\"projectId\":\"helpfulapp-962b1\",\"storageBucket\":\"helpfulapp-962b1.firebasestorage.app\"}","GCLOUD_PROJECT":"helpfulapp-962b1","EVENTARC_CLOUD_EVENT_SOURCE":"projects/helpfulapp-962b1/locations/us-central1/services/plaidLinkToken","FUNCTION_TARGET":"plaidLinkToken","LOG_EXECUTION_ID":"true"},"ingressSettings":"ALLOW_ALL","serviceAccountEmail":"785496190768-compute@developer.gserviceaccount.com","availableMemory":"256Mi","maxInstanceRequestConcurrency":80,"availableCpu":"1"},"labels":{"deployment-tool":"cli-firebase","firebase-functions-hash":"559c7097963d4ea448f6dadf99a9e217b0038027"},"environment":"GEN_2"},"stages":[{"name":"BUILD","message":"Build in progress","state":"IN_PROGRESS","resource":"projects/785496190768/locations/us-central1/builds/6e8ea25b-609b-449f-be7f-c17ac10c5367","resourceUri":"https://console.cloud.google.com/cloud-build/builds;region=us-central1/6e8ea25b-609b-449f-be7f-c17ac10c5367?project=785496190768"},{"name":"SERVICE","state":"NOT_STARTED"}],"operationType":"CREATE_FUNCTION","buildName":"projects/785496190768/locations/us-central1/builds/6e8ea25b-609b-449f-be7f-c17ac10c5367"},"done":false}
[debug] [2026-03-16T05:59:19.479Z] [create-default-us-central1-plaidLinkToken] Retrying task index 0
[debug] [2026-03-16T05:59:19.480Z] Checked if tokens are valid: true, expires at: 1773643459548
[debug] [2026-03-16T05:59:19.480Z] Checked if tokens are valid: true, expires at: 1773643459548
[debug] [2026-03-16T05:59:19.480Z] >>> [apiv2][query] GET https://cloudfunctions.googleapis.com/v2/projects/helpfulapp-962b1/locations/us-central1/operations/operation-1773640732621-64d1de9d3bb76-e567a0da-66030cf1 [none]
[debug] [2026-03-16T05:59:19.634Z] <<< [apiv2][status] GET https://cloudfunctions.googleapis.com/v2/projects/helpfulapp-962b1/locations/us-central1/operations/operation-1773640732621-64d1de9d3bb76-e567a0da-66030cf1 200
[debug] [2026-03-16T05:59:19.634Z] <<< [apiv2][body] GET https://cloudfunctions.googleapis.com/v2/projects/helpfulapp-962b1/locations/us-central1/operations/operation-1773640732621-64d1de9d3bb76-e567a0da-66030cf1 {"name":"projects/helpfulapp-962b1/locations/us-central1/operations/operation-1773640732621-64d1de9d3bb76-e567a0da-66030cf1","metadata":{"@type":"type.googleapis.com/google.cloud.functions.v2.OperationMetadata","createTime":"2026-03-16T05:58:53.049105080Z","target":"projects/helpfulapp-962b1/locations/us-central1/functions/plaidLinkToken","verb":"create","cancelRequested":false,"apiVersion":"v2","requestResource":{"@type":"type.googleapis.com/google.cloud.functions.v2.Function","name":"projects/helpfulapp-962b1/locations/us-central1/functions/plaidLinkToken","buildConfig":{"runtime":"nodejs20","entryPoint":"plaidLinkToken","source":{"storageSource":{"bucket":"gcf-v2-sources-785496190768-us-central1","object":"plaidLinkToken/function-source.zip","generation":"1773640732836185"}},"environmentVariables":{"GOOGLE_NODE_RUN_SCRIPTS":""},"serviceAccount":"projects/helpfulapp-962b1/serviceAccounts/785496190768-compute@developer.gserviceaccount.com","automaticUpdatePolicy":{}},"serviceConfig":{"service":"projects/helpfulapp-962b1/locations/us-central1/services/plaidlinktoken","timeoutSeconds":60,"environmentVariables":{"PLAID_CLIENT_ID":"69b5c2b6920f88000d8ddd46","PLAID_SECRET":"4346b1754aadfebefad45cb427ef81","FIREBASE_CONFIG":"{\"projectId\":\"helpfulapp-962b1\",\"storageBucket\":\"helpfulapp-962b1.firebasestorage.app\"}","GCLOUD_PROJECT":"helpfulapp-962b1","EVENTARC_CLOUD_EVENT_SOURCE":"projects/helpfulapp-962b1/locations/us-central1/services/plaidLinkToken","FUNCTION_TARGET":"plaidLinkToken","LOG_EXECUTION_ID":"true"},"ingressSettings":"ALLOW_ALL","serviceAccountEmail":"785496190768-compute@developer.gserviceaccount.com","availableMemory":"256Mi","maxInstanceRequestConcurrency":80,"availableCpu":"1"},"labels":{"deployment-tool":"cli-firebase","firebase-functions-hash":"559c7097963d4ea448f6dadf99a9e217b0038027"},"environment":"GEN_2"},"stages":[{"name":"BUILD","message":"Build in progress","state":"IN_PROGRESS","resource":"projects/785496190768/locations/us-central1/builds/6e8ea25b-609b-449f-be7f-c17ac10c5367","resourceUri":"https://console.cloud.google.com/cloud-build/builds;region=us-central1/6e8ea25b-609b-449f-be7f-c17ac10c5367?project=785496190768"},{"name":"SERVICE","state":"NOT_STARTED"}],"operationType":"CREATE_FUNCTION","buildName":"projects/785496190768/locations/us-central1/builds/6e8ea25b-609b-449f-be7f-c17ac10c5367"},"done":false}
[debug] [2026-03-16T05:59:29.634Z] [create-default-us-central1-plaidLinkToken] Retrying task index 0
[debug] [2026-03-16T05:59:29.635Z] Checked if tokens are valid: true, expires at: 1773643459548
[debug] [2026-03-16T05:59:29.635Z] Checked if tokens are valid: true, expires at: 1773643459548
[debug] [2026-03-16T05:59:29.635Z] >>> [apiv2][query] GET https://cloudfunctions.googleapis.com/v2/projects/helpfulapp-962b1/locations/us-central1/operations/operation-1773640732621-64d1de9d3bb76-e567a0da-66030cf1 [none]
[debug] [2026-03-16T05:59:29.773Z] <<< [apiv2][status] GET https://cloudfunctions.googleapis.com/v2/projects/helpfulapp-962b1/locations/us-central1/operations/operation-1773640732621-64d1de9d3bb76-e567a0da-66030cf1 200
[debug] [2026-03-16T05:59:29.773Z] <<< [apiv2][body] GET https://cloudfunctions.googleapis.com/v2/projects/helpfulapp-962b1/locations/us-central1/operations/operation-1773640732621-64d1de9d3bb76-e567a0da-66030cf1 {"name":"projects/helpfulapp-962b1/locations/us-central1/operations/operation-1773640732621-64d1de9d3bb76-e567a0da-66030cf1","metadata":{"@type":"type.googleapis.com/google.cloud.functions.v2.OperationMetadata","createTime":"2026-03-16T05:58:53.049105080Z","target":"projects/helpfulapp-962b1/locations/us-central1/functions/plaidLinkToken","verb":"create","cancelRequested":false,"apiVersion":"v2","requestResource":{"@type":"type.googleapis.com/google.cloud.functions.v2.Function","name":"projects/helpfulapp-962b1/locations/us-central1/functions/plaidLinkToken","buildConfig":{"runtime":"nodejs20","entryPoint":"plaidLinkToken","source":{"storageSource":{"bucket":"gcf-v2-sources-785496190768-us-central1","object":"plaidLinkToken/function-source.zip","generation":"1773640732836185"}},"environmentVariables":{"GOOGLE_NODE_RUN_SCRIPTS":""},"serviceAccount":"projects/helpfulapp-962b1/serviceAccounts/785496190768-compute@developer.gserviceaccount.com","automaticUpdatePolicy":{}},"serviceConfig":{"service":"projects/helpfulapp-962b1/locations/us-central1/services/plaidlinktoken","timeoutSeconds":60,"environmentVariables":{"PLAID_CLIENT_ID":"69b5c2b6920f88000d8ddd46","PLAID_SECRET":"4346b1754aadfebefad45cb427ef81","FIREBASE_CONFIG":"{\"projectId\":\"helpfulapp-962b1\",\"storageBucket\":\"helpfulapp-962b1.firebasestorage.app\"}","GCLOUD_PROJECT":"helpfulapp-962b1","EVENTARC_CLOUD_EVENT_SOURCE":"projects/helpfulapp-962b1/locations/us-central1/services/plaidLinkToken","FUNCTION_TARGET":"plaidLinkToken","LOG_EXECUTION_ID":"true"},"ingressSettings":"ALLOW_ALL","serviceAccountEmail":"785496190768-compute@developer.gserviceaccount.com","availableMemory":"256Mi","maxInstanceRequestConcurrency":80,"availableCpu":"1"},"labels":{"deployment-tool":"cli-firebase","firebase-functions-hash":"559c7097963d4ea448f6dadf99a9e217b0038027"},"environment":"GEN_2"},"stages":[{"name":"BUILD","message":"Build in progress","state":"IN_PROGRESS","resource":"projects/785496190768/locations/us-central1/builds/6e8ea25b-609b-449f-be7f-c17ac10c5367","resourceUri":"https://console.cloud.google.com/cloud-build/builds;region=us-central1/6e8ea25b-609b-449f-be7f-c17ac10c5367?project=785496190768"},{"name":"SERVICE","state":"NOT_STARTED"}],"operationType":"CREATE_FUNCTION","buildName":"projects/785496190768/locations/us-central1/builds/6e8ea25b-609b-449f-be7f-c17ac10c5367"},"done":false}
[debug] [2026-03-16T05:59:39.774Z] [create-default-us-central1-plaidLinkToken] Retrying task index 0
[debug] [2026-03-16T05:59:39.775Z] Checked if tokens are valid: true, expires at: 1773643459548
[debug] [2026-03-16T05:59:39.775Z] Checked if tokens are valid: true, expires at: 1773643459548
[debug] [2026-03-16T05:59:39.776Z] >>> [apiv2][query] GET https://cloudfunctions.googleapis.com/v2/projects/helpfulapp-962b1/locations/us-central1/operations/operation-1773640732621-64d1de9d3bb76-e567a0da-66030cf1 [none]
[debug] [2026-03-16T05:59:40.023Z] <<< [apiv2][status] GET https://cloudfunctions.googleapis.com/v2/projects/helpfulapp-962b1/locations/us-central1/operations/operation-1773640732621-64d1de9d3bb76-e567a0da-66030cf1 200
[debug] [2026-03-16T05:59:40.023Z] <<< [apiv2][body] GET https://cloudfunctions.googleapis.com/v2/projects/helpfulapp-962b1/locations/us-central1/operations/operation-1773640732621-64d1de9d3bb76-e567a0da-66030cf1 {"name":"projects/helpfulapp-962b1/locations/us-central1/operations/operation-1773640732621-64d1de9d3bb76-e567a0da-66030cf1","metadata":{"@type":"type.googleapis.com/google.cloud.functions.v2.OperationMetadata","createTime":"2026-03-16T05:58:53.049105080Z","target":"projects/helpfulapp-962b1/locations/us-central1/functions/plaidLinkToken","verb":"create","cancelRequested":false,"apiVersion":"v2","requestResource":{"@type":"type.googleapis.com/google.cloud.functions.v2.Function","name":"projects/helpfulapp-962b1/locations/us-central1/functions/plaidLinkToken","buildConfig":{"runtime":"nodejs20","entryPoint":"plaidLinkToken","source":{"storageSource":{"bucket":"gcf-v2-sources-785496190768-us-central1","object":"plaidLinkToken/function-source.zip","generation":"1773640732836185"}},"environmentVariables":{"GOOGLE_NODE_RUN_SCRIPTS":""},"serviceAccount":"projects/helpfulapp-962b1/serviceAccounts/785496190768-compute@developer.gserviceaccount.com","automaticUpdatePolicy":{}},"serviceConfig":{"service":"projects/helpfulapp-962b1/locations/us-central1/services/plaidlinktoken","timeoutSeconds":60,"environmentVariables":{"PLAID_CLIENT_ID":"69b5c2b6920f88000d8ddd46","PLAID_SECRET":"4346b1754aadfebefad45cb427ef81","FIREBASE_CONFIG":"{\"projectId\":\"helpfulapp-962b1\",\"storageBucket\":\"helpfulapp-962b1.firebasestorage.app\"}","GCLOUD_PROJECT":"helpfulapp-962b1","EVENTARC_CLOUD_EVENT_SOURCE":"projects/helpfulapp-962b1/locations/us-central1/services/plaidLinkToken","FUNCTION_TARGET":"plaidLinkToken","LOG_EXECUTION_ID":"true"},"ingressSettings":"ALLOW_ALL","serviceAccountEmail":"785496190768-compute@developer.gserviceaccount.com","availableMemory":"256Mi","maxInstanceRequestConcurrency":80,"availableCpu":"1"},"labels":{"deployment-tool":"cli-firebase","firebase-functions-hash":"559c7097963d4ea448f6dadf99a9e217b0038027"},"environment":"GEN_2"},"stages":[{"name":"BUILD","message":"Build in progress","state":"IN_PROGRESS","resource":"projects/785496190768/locations/us-central1/builds/6e8ea25b-609b-449f-be7f-c17ac10c5367","resourceUri":"https://console.cloud.google.com/cloud-build/builds;region=us-central1/6e8ea25b-609b-449f-be7f-c17ac10c5367?project=785496190768"},{"name":"SERVICE","state":"NOT_STARTED"}],"operationType":"CREATE_FUNCTION","buildName":"projects/785496190768/locations/us-central1/builds/6e8ea25b-609b-449f-be7f-c17ac10c5367"},"done":false}
[debug] [2026-03-16T05:59:50.025Z] [create-default-us-central1-plaidLinkToken] Retrying task index 0
[debug] [2026-03-16T05:59:50.026Z] Checked if tokens are valid: true, expires at: 1773643459548
[debug] [2026-03-16T05:59:50.026Z] Checked if tokens are valid: true, expires at: 1773643459548
[debug] [2026-03-16T05:59:50.027Z] >>> [apiv2][query] GET https://cloudfunctions.googleapis.com/v2/projects/helpfulapp-962b1/locations/us-central1/operations/operation-1773640732621-64d1de9d3bb76-e567a0da-66030cf1 [none]
[debug] [2026-03-16T05:59:50.185Z] <<< [apiv2][status] GET https://cloudfunctions.googleapis.com/v2/projects/helpfulapp-962b1/locations/us-central1/operations/operation-1773640732621-64d1de9d3bb76-e567a0da-66030cf1 200
[debug] [2026-03-16T05:59:50.185Z] <<< [apiv2][body] GET https://cloudfunctions.googleapis.com/v2/projects/helpfulapp-962b1/locations/us-central1/operations/operation-1773640732621-64d1de9d3bb76-e567a0da-66030cf1 {"name":"projects/helpfulapp-962b1/locations/us-central1/operations/operation-1773640732621-64d1de9d3bb76-e567a0da-66030cf1","metadata":{"@type":"type.googleapis.com/google.cloud.functions.v2.OperationMetadata","createTime":"2026-03-16T05:58:53.049105080Z","target":"projects/helpfulapp-962b1/locations/us-central1/functions/plaidLinkToken","verb":"create","cancelRequested":false,"apiVersion":"v2","requestResource":{"@type":"type.googleapis.com/google.cloud.functions.v2.Function","name":"projects/helpfulapp-962b1/locations/us-central1/functions/plaidLinkToken","buildConfig":{"runtime":"nodejs20","entryPoint":"plaidLinkToken","source":{"storageSource":{"bucket":"gcf-v2-sources-785496190768-us-central1","object":"plaidLinkToken/function-source.zip","generation":"1773640732836185"}},"environmentVariables":{"GOOGLE_NODE_RUN_SCRIPTS":""},"serviceAccount":"projects/helpfulapp-962b1/serviceAccounts/785496190768-compute@developer.gserviceaccount.com","automaticUpdatePolicy":{}},"serviceConfig":{"service":"projects/helpfulapp-962b1/locations/us-central1/services/plaidlinktoken","timeoutSeconds":60,"environmentVariables":{"PLAID_CLIENT_ID":"69b5c2b6920f88000d8ddd46","PLAID_SECRET":"4346b1754aadfebefad45cb427ef81","FIREBASE_CONFIG":"{\"projectId\":\"helpfulapp-962b1\",\"storageBucket\":\"helpfulapp-962b1.firebasestorage.app\"}","GCLOUD_PROJECT":"helpfulapp-962b1","EVENTARC_CLOUD_EVENT_SOURCE":"projects/helpfulapp-962b1/locations/us-central1/services/plaidLinkToken","FUNCTION_TARGET":"plaidLinkToken","LOG_EXECUTION_ID":"true"},"ingressSettings":"ALLOW_ALL","serviceAccountEmail":"785496190768-compute@developer.gserviceaccount.com","availableMemory":"256Mi","maxInstanceRequestConcurrency":80,"availableCpu":"1"},"labels":{"deployment-tool":"cli-firebase","firebase-functions-hash":"559c7097963d4ea448f6dadf99a9e217b0038027"},"environment":"GEN_2"},"stages":[{"name":"BUILD","message":"Build finished","state":"COMPLETE","resource":"projects/785496190768/locations/us-central1/builds/6e8ea25b-609b-449f-be7f-c17ac10c5367","resourceUri":"https://console.cloud.google.com/cloud-build/builds;region=us-central1/6e8ea25b-609b-449f-be7f-c17ac10c5367?project=785496190768"},{"name":"SERVICE","message":"Creating Cloud Run service","state":"IN_PROGRESS","resource":"projects/helpfulapp-962b1/locations/us-central1/services/plaidlinktoken","resourceUri":"https://console.cloud.google.com/run/detail/us-central1/plaidlinktoken?project=helpfulapp-962b1"}],"sourceToken":"Cldwcm9qZWN0cy83ODU0OTYxOTA3NjgvbG9jYXRpb25zL3VzLWNlbnRyYWwxL2J1aWxkcy82ZThlYTI1Yi02MDliLTQ0OWYtYmU3Zi1jMTdhYzEwYzUzNjcSdXVzLWNlbnRyYWwxLWRvY2tlci5wa2cuZGV2L2hlbHBmdWxhcHAtOTYyYjEvZ2NmLWFydGlmYWN0cy9oZWxwZnVsYXBwLS05NjJiMV9fdXMtLWNlbnRyYWwxX19wbGFpZF9saW5rX3Rva2VuOnZlcnNpb25fMRiw3uKZ7hYiSHByb2plY3RzL2hlbHBmdWxhcHAtOTYyYjEvbG9jYXRpb25zL3VzLWNlbnRyYWwxL2Z1bmN0aW9ucy9wbGFpZExpbmtUb2tlbioMCNG43s0GEKD5ttgDMghub2RlanMyMDp2CiNnY3IuaW8vZ2FlLXJ1bnRpbWVzL25vZGVqczIwOnN0YWJsZRJPdXMtY2VudHJhbDEtZG9ja2VyLnBrZy5kZXYvc2VydmVybGVzcy1ydW50aW1lcy9nb29nbGUtMjItZnVsbC9ydW50aW1lcy9ub2RlanMyMEAB","operationType":"CREATE_FUNCTION","buildName":"projects/785496190768/locations/us-central1/builds/6e8ea25b-609b-449f-be7f-c17ac10c5367"},"done":false}
[debug] [2026-03-16T05:59:50.185Z] Got source token Cldwcm9qZWN0cy83ODU0OTYxOTA3NjgvbG9jYXRpb25zL3VzLWNlbnRyYWwxL2J1aWxkcy82ZThlYTI1Yi02MDliLTQ0OWYtYmU3Zi1jMTdhYzEwYzUzNjcSdXVzLWNlbnRyYWwxLWRvY2tlci5wa2cuZGV2L2hlbHBmdWxhcHAtOTYyYjEvZ2NmLWFydGlmYWN0cy9oZWxwZnVsYXBwLS05NjJiMV9fdXMtLWNlbnRyYWwxX19wbGFpZF9saW5rX3Rva2VuOnZlcnNpb25fMRiw3uKZ7hYiSHByb2plY3RzL2hlbHBmdWxhcHAtOTYyYjEvbG9jYXRpb25zL3VzLWNlbnRyYWwxL2Z1bmN0aW9ucy9wbGFpZExpbmtUb2tlbioMCNG43s0GEKD5ttgDMghub2RlanMyMDp2CiNnY3IuaW8vZ2FlLXJ1bnRpbWVzL25vZGVqczIwOnN0YWJsZRJPdXMtY2VudHJhbDEtZG9ja2VyLnBrZy5kZXYvc2VydmVybGVzcy1ydW50aW1lcy9nb29nbGUtMjItZnVsbC9ydW50aW1lcy9ub2RlanMyMEAB for region us-central1
[debug] [2026-03-16T06:00:00.186Z] [create-default-us-central1-plaidLinkToken] Retrying task index 0
[debug] [2026-03-16T06:00:00.187Z] Checked if tokens are valid: true, expires at: 1773643459548
[debug] [2026-03-16T06:00:00.187Z] Checked if tokens are valid: true, expires at: 1773643459548
[debug] [2026-03-16T06:00:00.187Z] >>> [apiv2][query] GET https://cloudfunctions.googleapis.com/v2/projects/helpfulapp-962b1/locations/us-central1/operations/operation-1773640732621-64d1de9d3bb76-e567a0da-66030cf1 [none]
[debug] [2026-03-16T06:00:00.334Z] <<< [apiv2][status] GET https://cloudfunctions.googleapis.com/v2/projects/helpfulapp-962b1/locations/us-central1/operations/operation-1773640732621-64d1de9d3bb76-e567a0da-66030cf1 200
[debug] [2026-03-16T06:00:00.334Z] <<< [apiv2][body] GET https://cloudfunctions.googleapis.com/v2/projects/helpfulapp-962b1/locations/us-central1/operations/operation-1773640732621-64d1de9d3bb76-e567a0da-66030cf1 {"name":"projects/helpfulapp-962b1/locations/us-central1/operations/operation-1773640732621-64d1de9d3bb76-e567a0da-66030cf1","metadata":{"@type":"type.googleapis.com/google.cloud.functions.v2.OperationMetadata","createTime":"2026-03-16T05:58:53.049105080Z","endTime":"2026-03-16T05:59:55.335020430Z","target":"projects/helpfulapp-962b1/locations/us-central1/functions/plaidLinkToken","verb":"create","cancelRequested":false,"apiVersion":"v2","requestResource":{"@type":"type.googleapis.com/google.cloud.functions.v2.Function","name":"projects/helpfulapp-962b1/locations/us-central1/functions/plaidLinkToken","buildConfig":{"runtime":"nodejs20","entryPoint":"plaidLinkToken","source":{"storageSource":{"bucket":"gcf-v2-sources-785496190768-us-central1","object":"plaidLinkToken/function-source.zip","generation":"1773640732836185"}},"environmentVariables":{"GOOGLE_NODE_RUN_SCRIPTS":""},"serviceAccount":"projects/helpfulapp-962b1/serviceAccounts/785496190768-compute@developer.gserviceaccount.com","automaticUpdatePolicy":{}},"serviceConfig":{"service":"projects/helpfulapp-962b1/locations/us-central1/services/plaidlinktoken","timeoutSeconds":60,"environmentVariables":{"PLAID_CLIENT_ID":"69b5c2b6920f88000d8ddd46","PLAID_SECRET":"4346b1754aadfebefad45cb427ef81","FIREBASE_CONFIG":"{\"projectId\":\"helpfulapp-962b1\",\"storageBucket\":\"helpfulapp-962b1.firebasestorage.app\"}","GCLOUD_PROJECT":"helpfulapp-962b1","EVENTARC_CLOUD_EVENT_SOURCE":"projects/helpfulapp-962b1/locations/us-central1/services/plaidLinkToken","FUNCTION_TARGET":"plaidLinkToken","LOG_EXECUTION_ID":"true"},"ingressSettings":"ALLOW_ALL","serviceAccountEmail":"785496190768-compute@developer.gserviceaccount.com","availableMemory":"256Mi","maxInstanceRequestConcurrency":80,"availableCpu":"1"},"labels":{"deployment-tool":"cli-firebase","firebase-functions-hash":"559c7097963d4ea448f6dadf99a9e217b0038027"},"environment":"GEN_2"},"stages":[{"name":"BUILD","message":"Build finished","state":"COMPLETE","resource":"projects/785496190768/locations/us-central1/builds/6e8ea25b-609b-449f-be7f-c17ac10c5367","resourceUri":"https://console.cloud.google.com/cloud-build/builds;region=us-central1/6e8ea25b-609b-449f-be7f-c17ac10c5367?project=785496190768"},{"name":"SERVICE","message":"Creating Cloud Run service","state":"COMPLETE","resource":"projects/helpfulapp-962b1/locations/us-central1/services/plaidlinktoken","resourceUri":"https://console.cloud.google.com/run/detail/us-central1/plaidlinktoken?project=helpfulapp-962b1"}],"sourceToken":"Cldwcm9qZWN0cy83ODU0OTYxOTA3NjgvbG9jYXRpb25zL3VzLWNlbnRyYWwxL2J1aWxkcy82ZThlYTI1Yi02MDliLTQ0OWYtYmU3Zi1jMTdhYzEwYzUzNjcSdXVzLWNlbnRyYWwxLWRvY2tlci5wa2cuZGV2L2hlbHBmdWxhcHAtOTYyYjEvZ2NmLWFydGlmYWN0cy9oZWxwZnVsYXBwLS05NjJiMV9fdXMtLWNlbnRyYWwxX19wbGFpZF9saW5rX3Rva2VuOnZlcnNpb25fMRiw3uKZ7hYiSHByb2plY3RzL2hlbHBmdWxhcHAtOTYyYjEvbG9jYXRpb25zL3VzLWNlbnRyYWwxL2Z1bmN0aW9ucy9wbGFpZExpbmtUb2tlbioMCNG43s0GEKD5ttgDMghub2RlanMyMDp2CiNnY3IuaW8vZ2FlLXJ1bnRpbWVzL25vZGVqczIwOnN0YWJsZRJPdXMtY2VudHJhbDEtZG9ja2VyLnBrZy5kZXYvc2VydmVybGVzcy1ydW50aW1lcy9nb29nbGUtMjItZnVsbC9ydW50aW1lcy9ub2RlanMyMEAB","operationType":"CREATE_FUNCTION","buildName":"projects/785496190768/locations/us-central1/builds/6e8ea25b-609b-449f-be7f-c17ac10c5367"},"done":true,"response":{"@type":"type.googleapis.com/google.cloud.functions.v2.Function","name":"projects/helpfulapp-962b1/locations/us-central1/functions/plaidLinkToken","buildConfig":{"build":"projects/785496190768/locations/us-central1/builds/6e8ea25b-609b-449f-be7f-c17ac10c5367","runtime":"nodejs20","entryPoint":"plaidLinkToken","source":{"storageSource":{"bucket":"gcf-v2-sources-785496190768-us-central1","object":"plaidLinkToken/function-source.zip","generation":"1773640732836185"}},"environmentVariables":{"GOOGLE_NODE_RUN_SCRIPTS":""},"dockerRepository":"projects/helpfulapp-962b1/locations/us-central1/repositories/gcf-artifacts","sourceProvenance":{"resolvedStorageSource":{"bucket":"gcf-v2-sources-785496190768-us-central1","object":"plaidLinkToken/function-source.zip","generation":"1773640732836185"}},"dockerRegistry":"ARTIFACT_REGISTRY","serviceAccount":"projects/helpfulapp-962b1/serviceAccounts/785496190768-compute@developer.gserviceaccount.com","automaticUpdatePolicy":{}},"serviceConfig":{"service":"projects/helpfulapp-962b1/locations/us-central1/services/plaidlinktoken","timeoutSeconds":60,"environmentVariables":{"PLAID_CLIENT_ID":"69b5c2b6920f88000d8ddd46","PLAID_SECRET":"4346b1754aadfebefad45cb427ef81","FIREBASE_CONFIG":"{\"projectId\":\"helpfulapp-962b1\",\"storageBucket\":\"helpfulapp-962b1.firebasestorage.app\"}","GCLOUD_PROJECT":"helpfulapp-962b1","EVENTARC_CLOUD_EVENT_SOURCE":"projects/helpfulapp-962b1/locations/us-central1/services/plaidLinkToken","FUNCTION_TARGET":"plaidLinkToken","LOG_EXECUTION_ID":"true"},"ingressSettings":"ALLOW_ALL","uri":"https://plaidlinktoken-gxqvseftza-uc.a.run.app","serviceAccountEmail":"785496190768-compute@developer.gserviceaccount.com","availableMemory":"256Mi","allTrafficOnLatestRevision":true,"revision":"plaidlinktoken-00001-qul","maxInstanceRequestConcurrency":80,"availableCpu":"1"},"state":"ACTIVE","updateTime":"2026-03-16T05:58:53.043668930Z","labels":{"deployment-tool":"cli-firebase","firebase-functions-hash":"559c7097963d4ea448f6dadf99a9e217b0038027"},"environment":"GEN_2","url":"https://us-central1-helpfulapp-962b1.cloudfunctions.net/plaidLinkToken","createTime":"2026-03-16T05:58:53.043668930Z","satisfiesPzi":true}}
[debug] [2026-03-16T06:00:00.334Z] Got source token Cldwcm9qZWN0cy83ODU0OTYxOTA3NjgvbG9jYXRpb25zL3VzLWNlbnRyYWwxL2J1aWxkcy82ZThlYTI1Yi02MDliLTQ0OWYtYmU3Zi1jMTdhYzEwYzUzNjcSdXVzLWNlbnRyYWwxLWRvY2tlci5wa2cuZGV2L2hlbHBmdWxhcHAtOTYyYjEvZ2NmLWFydGlmYWN0cy9oZWxwZnVsYXBwLS05NjJiMV9fdXMtLWNlbnRyYWwxX19wbGFpZF9saW5rX3Rva2VuOnZlcnNpb25fMRiw3uKZ7hYiSHByb2plY3RzL2hlbHBmdWxhcHAtOTYyYjEvbG9jYXRpb25zL3VzLWNlbnRyYWwxL2Z1bmN0aW9ucy9wbGFpZExpbmtUb2tlbioMCNG43s0GEKD5ttgDMghub2RlanMyMDp2CiNnY3IuaW8vZ2FlLXJ1bnRpbWVzL25vZGVqczIwOnN0YWJsZRJPdXMtY2VudHJhbDEtZG9ja2VyLnBrZy5kZXYvc2VydmVybGVzcy1ydW50aW1lcy9nb29nbGUtMjItZnVsbC9ydW50aW1lcy9ub2RlanMyMEAB for region us-central1
[debug] [2026-03-16T06:00:00.336Z] Checked if tokens are valid: true, expires at: 1773643459548
[debug] [2026-03-16T06:00:00.336Z] Checked if tokens are valid: true, expires at: 1773643459548
[debug] [2026-03-16T06:00:00.336Z] >>> [apiv2][query] POST https://run.googleapis.com/v1/projects/helpfulapp-962b1/locations/us-central1/services/plaidlinktoken:setIamPolicy [none]
[debug] [2026-03-16T06:00:00.336Z] >>> [apiv2][body] POST https://run.googleapis.com/v1/projects/helpfulapp-962b1/locations/us-central1/services/plaidlinktoken:setIamPolicy {"policy":{"bindings":[{"role":"roles/run.invoker","members":["allUsers"]}],"etag":"","version":3},"updateMask":"bindings,etag,version"}
[debug] [2026-03-16T06:00:01.067Z] <<< [apiv2][status] POST https://run.googleapis.com/v1/projects/helpfulapp-962b1/locations/us-central1/services/plaidlinktoken:setIamPolicy 200
[debug] [2026-03-16T06:00:01.067Z] <<< [apiv2][body] POST https://run.googleapis.com/v1/projects/helpfulapp-962b1/locations/us-central1/services/plaidlinktoken:setIamPolicy {"version":1,"etag":"BwZNHe3oGUk=","bindings":[{"role":"roles/run.invoker","members":["allUsers"]}]}
[info] ✔  functions[plaidLinkToken(us-central1)] Successful create operation. 
[debug] [2026-03-16T06:00:01.077Z] Total Function Deployment time: 117129
[debug] [2026-03-16T06:00:01.077Z] 2 Functions Deployed
[debug] [2026-03-16T06:00:01.077Z] 1 Functions Errored
[debug] [2026-03-16T06:00:01.077Z] 0 Function Deployments Aborted
[debug] [2026-03-16T06:00:01.077Z] Average Function Deployment time: 82847
[info] 
[info] Functions deploy had errors with the following functions:
	plaidExchange(us-central1)
[debug] [2026-03-16T06:00:01.150Z] Not printing URL for HTTPS function. Typically this means it didn't match a filter or we failed deployment
[info] Function URL (plaidLinkToken(us-central1)): https://us-central1-helpfulapp-962b1.cloudfunctions.net/plaidLinkToken
[debug] [2026-03-16T06:00:01.151Z] Checked if tokens are valid: true, expires at: 1773643459548
[debug] [2026-03-16T06:00:01.151Z] Checked if tokens are valid: true, expires at: 1773643459548
[debug] [2026-03-16T06:00:01.151Z] >>> [apiv2][query] GET https://artifactregistry.googleapis.com/v1/projects/helpfulapp-962b1/locations/us-central1/repositories/gcf-artifacts [none]
[debug] [2026-03-16T06:00:01.658Z] <<< [apiv2][status] GET https://artifactregistry.googleapis.com/v1/projects/helpfulapp-962b1/locations/us-central1/repositories/gcf-artifacts 200
[debug] [2026-03-16T06:00:01.659Z] <<< [apiv2][body] GET https://artifactregistry.googleapis.com/v1/projects/helpfulapp-962b1/locations/us-central1/repositories/gcf-artifacts {"name":"projects/helpfulapp-962b1/locations/us-central1/repositories/gcf-artifacts","format":"DOCKER","description":"This repository is created and used by Cloud Functions for storing function docker images.","labels":{"goog-managed-by":"cloudfunctions"},"createTime":"2026-03-16T05:58:17.336812Z","updateTime":"2026-03-16T05:59:41.131396Z","mode":"STANDARD_REPOSITORY","sizeBytes":"93502260","vulnerabilityScanningConfig":{"lastEnableTime":"2026-03-16T05:58:05.804678627Z","enablementState":"SCANNING_DISABLED","enablementStateReason":"API containerscanning.googleapis.com is not enabled."},"satisfiesPzi":true,"registryUri":"us-central1-docker.pkg.dev/helpfulapp-962b1/gcf-artifacts"}
[warn] ⚠  functions: No cleanup policy detected for repositories in us-central1. This may result in a small monthly bill as container images accumulate over time. 
[info] i  functions: Configuring cleanup policy for repository in us-central1. Images older than 40 days will be automatically deleted. 
[debug] [2026-03-16T06:03:10.025Z] Setting up artifact cleanup policy for region us-central1
[debug] [2026-03-16T06:03:10.031Z] Checked if tokens are valid: true, expires at: 1773643459548
[debug] [2026-03-16T06:03:10.031Z] Checked if tokens are valid: true, expires at: 1773643459548
[debug] [2026-03-16T06:03:10.031Z] >>> [apiv2][query] PATCH https://artifactregistry.googleapis.com/v1/projects/helpfulapp-962b1/locations/us-central1/repositories/gcf-artifacts updateMask=name%2CcleanupPolicies%2CcleanupPolicyDryRun%2Clabels
[debug] [2026-03-16T06:03:10.031Z] >>> [apiv2][body] PATCH https://artifactregistry.googleapis.com/v1/projects/helpfulapp-962b1/locations/us-central1/repositories/gcf-artifacts {"name":"projects/helpfulapp-962b1/locations/us-central1/repositories/gcf-artifacts","cleanupPolicies":{"firebase-functions-cleanup":{"id":"firebase-functions-cleanup","condition":{"tagState":"ANY","olderThan":"3456000s"},"action":"DELETE"}},"cleanupPolicyDryRun":false,"labels":{"goog-managed-by":"cloudfunctions"}}
[debug] [2026-03-16T06:03:10.349Z] <<< [apiv2][status] PATCH https://artifactregistry.googleapis.com/v1/projects/helpfulapp-962b1/locations/us-central1/repositories/gcf-artifacts 200
[debug] [2026-03-16T06:03:10.349Z] <<< [apiv2][body] PATCH https://artifactregistry.googleapis.com/v1/projects/helpfulapp-962b1/locations/us-central1/repositories/gcf-artifacts {"name":"projects/helpfulapp-962b1/locations/us-central1/repositories/gcf-artifacts","format":"DOCKER","description":"This repository is created and used by Cloud Functions for storing function docker images.","labels":{"goog-managed-by":"cloudfunctions"},"createTime":"2026-03-16T05:58:17.336812Z","updateTime":"2026-03-16T06:03:10.310889Z","mode":"STANDARD_REPOSITORY","cleanupPolicies":{"firebase-functions-cleanup":{"id":"firebase-functions-cleanup","action":"DELETE","condition":{"tagState":"ANY","olderThan":"3456000s"}}},"vulnerabilityScanningConfig":{"lastEnableTime":"2026-03-16T05:58:05.804678627Z","enablementState":"SCANNING_DISABLED","enablementStateReason":"API containerscanning.googleapis.com is not enabled."},"satisfiesPzi":true}
[info] i  functions: Configured cleanup policy for repository in us-central1. 
[debug] [2026-03-16T06:03:10.350Z] Functions deploy failed.
[debug] [2026-03-16T06:03:10.350Z] {
  "endpoint": {
    "id": "plaidExchange",
    "project": "helpfulapp-962b1",
    "region": "us-central1",
    "entryPoint": "plaidExchange",
    "platform": "gcfv2",
    "runtime": "nodejs20",
    "httpsTrigger": {},
    "labels": {
      "deployment-tool": "cli-firebase"
    },
    "serviceAccount": null,
    "ingressSettings": null,
    "availableMemoryMb": null,
    "timeoutSeconds": null,
    "maxInstances": null,
    "minInstances": null,
    "concurrency": 80,
    "vpc": null,
    "environmentVariables": {
      "PLAID_CLIENT_ID": "69b5c2b6920f88000d8ddd46",
      "PLAID_SECRET": "4346b1754aadfebefad45cb427ef81",
      "FIREBASE_CONFIG": "{\"projectId\":\"helpfulapp-962b1\",\"storageBucket\":\"helpfulapp-962b1.firebasestorage.app\"}",
      "GCLOUD_PROJECT": "helpfulapp-962b1",
      "EVENTARC_CLOUD_EVENT_SOURCE": "projects/helpfulapp-962b1/locations/us-central1/services/plaidExchange"
    },
    "codebase": "default",
    "cpu": 1,
    "targetedByOnly": false,
    "hash": "559c7097963d4ea448f6dadf99a9e217b0038027"
  },
  "op": "create",
  "original": {
    "name": "FirebaseError",
    "children": [],
    "exit": 1,
    "message": "Build failed with status: FAILURE. Could not build the function due to a missing permission on the build service account. If you didn't revoke that permission explicitly, this could be caused by a change in the organization policies. Please refer to the following documentation for more details and resolution: https://cloud.google.com/functions/docs/troubleshooting#build-service-account\n You can also view the logs at https://console.cloud.google.com/cloud-build/builds;region=us-central1/abf1a58c-a334-443c-934c-9dab51d27348?project=785496190768.\n",
    "original": {
      "code": 3,
      "message": "Build failed with status: FAILURE. Could not build the function due to a missing permission on the build service account. If you didn't revoke that permission explicitly, this could be caused by a change in the organization policies. Please refer to the following documentation for more details and resolution: https://cloud.google.com/functions/docs/troubleshooting#build-service-account\n You can also view the logs at https://console.cloud.google.com/cloud-build/builds;region=us-central1/abf1a58c-a334-443c-934c-9dab51d27348?project=785496190768.\n"
    },
    "status": 3,
    "code": 3
  }
}
[debug] [2026-03-16T06:03:10.432Z] Error: Failed to create function plaidExchange in region us-central1
    at /usr/local/lib/node_modules/firebase-tools/lib/deploy/functions/release/fabricator.js:318:27
    at process.processTicksAndRejections (node:internal/process/task_queues:103:5)
    at async Fabricator.createV2Function (/usr/local/lib/node_modules/firebase-tools/lib/deploy/functions/release/fabricator.js:297:30)
    at async Fabricator.createEndpoint (/usr/local/lib/node_modules/firebase-tools/lib/deploy/functions/release/fabricator.js:139:13)
    at async handle (/usr/local/lib/node_modules/firebase-tools/lib/deploy/functions/release/fabricator.js:91:17)
[error] 
[error] Error: There was an error deploying functions
